source,source_url,source_item_url,category,provider_name,legal_company_name,brand_or_product,product_id,apr_from,apr_to,company_url,source_notes
existing_provider_candidate,data/cardloan_provider_candidates.csv,,スマホローン・周辺,auフィナンシャルサービス,,au PAY スマートローン,,,,,ubersuggest_keyword_export
yahoo_finance_cardloan_item,https://finance.yahoo.co.jp/card-loan/item,https://finance.yahoo.co.jp/card-loan/item/1496,スマホローン・周辺,NTTドコモ,株式会社NTTドコモ,dスマホローン,1496,3.9000,17.9000,https://www.docomo.ne.jp/,companyType=9; also_seen=existing_provider_candidate
existing_provider_candidate,data/cardloan_provider_candidates.csv,,スマホローン・周辺,ファミマデジタルワン,,ファミペイローン,,,,,manual_provider_candidate
existing_provider_candidate,data/cardloan_provider_candidates.csv,,スマホローン・周辺,メルペイ,,メルペイスマートマネー,,,,,ubersuggest_keyword_export
manekai_credit_associations,https://manekai.ameba.jp/cardloan/company/credit_associations/,https://manekai.ameba.jp/cardloan/kinokuni-shinkin/,信用金庫,きのくに信用金庫,,きのくに信用金庫カードローン,,,,,scraped_from_manekai_company_category
manekai_credit_associations,https://manekai.ameba.jp/cardloan/company/credit_associations/,https://manekai.ameba.jp/cardloan/sagami/,信用金庫,さがみ信用金庫,,さがみ信用金庫カードローン,,,,,scraped_from_manekai_company_category
manekai_credit_associations,https://manekai.ameba.jp/cardloan/company/credit_associations/,https://manekai.ameba.jp/cardloan/sawayaka-shinkin/,信用金庫,さわやか信用金庫,,さわやか信用金庫「さわやかカードローンきゃっするワイド」,,,,,scraped_from_manekai_company_category
manekai_credit_associations,https://manekai.ameba.jp/cardloan/company/credit_associations/,https://manekai.ameba.jp/cardloan/shinonome-shinkin/,信用金庫,しののめ信用金庫,,しののめ信用金庫カードローン,,,,,scraped_from_manekai_company_category
manekai_credit_associations,https://manekai.ameba.jp/cardloan/company/credit_associations/,https://manekai.ameba.jp/cardloan/shimanami-shinkin/,信用金庫,しまなみ信用金庫,,しまなみ信用金庫カードローン,,,,,scraped_from_manekai_company_category
manekai_credit_associations,https://manekai.ameba.jp/cardloan/company/credit_associations/,https://manekai.ameba.jp/cardloan/notoshin/,信用金庫,のと共栄信用金庫,,のと共栄信用金庫カードローン,,,,,scraped_from_manekai_company_category
manekai_credit_associations,https://manekai.ameba.jp/cardloan/company/credit_associations/,https://manekai.ameba.jp/cardloan/ichinoseki-shinkin/,信用金庫,一関信用金庫,,一関信用金庫カードローン,,,,,scraped_from_manekai_company_category
manekai_credit_associations,https://manekai.ameba.jp/cardloan/company/credit_associations/,https://manekai.ameba.jp/cardloan/mishima-shinkin/,信用金庫,三島信用金庫,,三島信用金庫カードローン,,,,,scraped_from_manekai_company_category
manekai_credit_associations,https://manekai.ameba.jp/cardloan/company/credit_associations/,https://manekai.ameba.jp/cardloan/nakashin/,信用金庫,中兵庫信用金庫,,中兵庫信用金庫カードローン,,,,,scraped_from_manekai_company_category
manekai_credit_associations,https://manekai.ameba.jp/cardloan/company/credit_associations/,https://manekai.ameba.jp/cardloan/chushin/,信用金庫,京都中央信用金庫,,京都中央信用金庫カードローン,,,,,scraped_from_manekai_company_category
manekai_credit_associations,https://manekai.ameba.jp/cardloan/company/credit_associations/,https://manekai.ameba.jp/cardloan/kyoto-shinkin/,信用金庫,京都信用金庫,,京都信用金庫カードローン,,,,,scraped_from_manekai_company_category
manekai_credit_associations,https://manekai.ameba.jp/cardloan/company/credit_associations/,https://manekai.ameba.jp/cardloan/aizu-shinkin/,信用金庫,会津信用金庫,,会津信用金庫カードローン,,,,,scraped_from_manekai_company_category
manekai_credit_associations,https://manekai.ameba.jp/cardloan/company/credit_associations/,https://manekai.ameba.jp/cardloan/tanyo-shinkin/,信用金庫,但陽信用金庫,,但陽信用金庫カードローン,,,,,scraped_from_manekai_company_category
manekai_credit_associations,https://manekai.ameba.jp/cardloan/company/credit_associations/,https://manekai.ameba.jp/cardloan/tanshin/,信用金庫,但馬信用金庫,,但馬信用金庫カードローン,,,,,scraped_from_manekai_company_category
manekai_credit_associations,https://manekai.ameba.jp/cardloan/company/credit_associations/,https://manekai.ameba.jp/cardloan/kurashin/,信用金庫,倉吉信用金庫,,倉吉信用金庫カードローン,,,,,scraped_from_manekai_company_category
manekai_credit_associations,https://manekai.ameba.jp/cardloan/company/credit_associations/,https://manekai.ameba.jp/cardloan/kitaosakask/,信用金庫,北おおさか信用金庫,,北おおさか信用金庫カードローン,,,,,scraped_from_manekai_company_category
manekai_credit_associations,https://manekai.ameba.jp/cardloan/company/credit_associations/,https://manekai.ameba.jp/cardloan/hokumon/,信用金庫,北門信用金庫,,北門信用金庫カードローン,,,,,scraped_from_manekai_company_category
manekai_credit_associations,https://manekai.ameba.jp/cardloan/company/credit_associations/,https://manekai.ameba.jp/cardloan/nanshin/,信用金庫,南郷信用金庫,,南郷信用金庫カードローン,,,,,scraped_from_manekai_company_category
manekai_credit_associations,https://manekai.ameba.jp/cardloan/company/credit_associations/,https://manekai.ameba.jp/cardloan/pnc/,信用金庫,吉備信用金庫,,吉備信用金庫カードローン,,,,,scraped_from_manekai_company_category
manekai_credit_associations,https://manekai.ameba.jp/cardloan/company/credit_associations/,https://manekai.ameba.jp/cardloan/saishin/,信用金庫,埼玉縣信用金庫,,埼玉縣信用金庫カードローン,,,,,scraped_from_manekai_company_category
manekai_credit_associations,https://manekai.ameba.jp/cardloan/company/credit_associations/,https://manekai.ameba.jp/cardloan/tamashin/,信用金庫,多摩信用金庫,,多摩信用金庫カードローン,,,,,scraped_from_manekai_company_category
manekai_credit_associations,https://manekai.ameba.jp/cardloan/company/credit_associations/,https://manekai.ameba.jp/cardloan/oitamirai/,信用金庫,大分みらい信用金庫,,大分みらい信用金庫カードローン,,,,,scraped_from_manekai_company_category
manekai_credit_associations,https://manekai.ameba.jp/cardloan/company/credit_associations/,https://manekai.ameba.jp/cardloan/yamato-shinkin/,信用金庫,大和信用金庫,,大和信用金庫カードローン,,,,,scraped_from_manekai_company_category
manekai_credit_associations,https://manekai.ameba.jp/cardloan/company/credit_associations/,https://manekai.ameba.jp/cardloan/ohtawara-shinkin/,信用金庫,大田原信用金庫,,大田原信用金庫カードローン,,,,,scraped_from_manekai_company_category
manekai_credit_associations,https://manekai.ameba.jp/cardloan/company/credit_associations/,https://manekai.ameba.jp/cardloan/osaka-shinkin/,信用金庫,大阪信用金庫,,大阪信用金庫カードローン,,,,,scraped_from_manekai_company_category
manekai_credit_associations,https://manekai.ameba.jp/cardloan/company/credit_associations/,https://manekai.ameba.jp/cardloan/miyashinbank/,信用金庫,宮城第一信用金庫,,宮城第一信用金庫カードローン,,,,,scraped_from_manekai_company_category
manekai_credit_associations,https://manekai.ameba.jp/cardloan/company/credit_associations/,https://manekai.ameba.jp/cardloan/tomishin/,信用金庫,富山信用金庫,,富山信用金庫カードローン,,,,,scraped_from_manekai_company_category
manekai_credit_associations,https://manekai.ameba.jp/cardloan/company/credit_associations/,https://manekai.ameba.jp/cardloan/amashin/,信用金庫,尼崎信用金庫,,尼崎信用金庫カードローン,,,,,scraped_from_manekai_company_category
manekai_credit_associations,https://manekai.ameba.jp/cardloan/company/credit_associations/,https://manekai.ameba.jp/cardloan/yamashin/,信用金庫,山梨信用金庫,,山梨信用金庫カードローン,,,,,scraped_from_manekai_company_category
manekai_credit_associations,https://manekai.ameba.jp/cardloan/company/credit_associations/,https://manekai.ameba.jp/cardloan/kawashin/,信用金庫,川崎信用金庫,,川崎信用金庫カードローン,,,,,scraped_from_manekai_company_category
manekai_credit_associations,https://manekai.ameba.jp/cardloan/company/credit_associations/,https://manekai.ameba.jp/cardloan/sugamo/,信用金庫,巣鴨信用金庫,,巣鴨信用金庫カードローン,,,,,scraped_from_manekai_company_category
manekai_credit_associations,https://manekai.ameba.jp/cardloan/company/credit_associations/,https://manekai.ameba.jp/cardloan/obishin/,信用金庫,帯広信用金庫,,帯広信用金庫カードローン,,,,,scraped_from_manekai_company_category
manekai_credit_associations,https://manekai.ameba.jp/cardloan/company/credit_associations/,https://manekai.ameba.jp/cardloan/hiratuka/,信用金庫,平塚信用金庫,,平塚信用金庫カードローン,,,,,scraped_from_manekai_company_category
manekai_credit_associations,https://manekai.ameba.jp/cardloan/company/credit_associations/,https://manekai.ameba.jp/cardloan/hiroshin/,信用金庫,広島信用金庫カードローンWEBで完結!いますぐまかせんサイ・ミニ,,広島信用金庫カードローンWEBで完結!いますぐまかせんサイ・ミニ,,,,,scraped_from_manekai_company_category
manekai_credit_associations,https://manekai.ameba.jp/cardloan/company/credit_associations/,https://manekai.ameba.jp/cardloan/tokushima/,信用金庫,徳島信用金庫,,徳島信用金庫カードローン,,,,,scraped_from_manekai_company_category
manekai_credit_associations,https://manekai.ameba.jp/cardloan/company/credit_associations/,https://manekai.ameba.jp/cardloan/nihonkai/,信用金庫,日本海信用金庫,,日本海信用金庫カードローン,,,,,scraped_from_manekai_company_category
manekai_credit_associations,https://manekai.ameba.jp/cardloan/company/credit_associations/,https://manekai.ameba.jp/cardloan/asahikawa-shinkin/,信用金庫,旭川信用金庫,,旭川信用金庫カードローン,,,,,scraped_from_manekai_company_category
manekai_credit_associations,https://manekai.ameba.jp/cardloan/company/credit_associations/,https://manekai.ameba.jp/cardloan/showa/,信用金庫,昭和信用金庫,,昭和信用金庫カードローン,,,,,scraped_from_manekai_company_category
manekai_credit_associations,https://manekai.ameba.jp/cardloan/company/credit_associations/,https://manekai.ameba.jp/cardloan/asahi-shinkin/,信用金庫,朝日信用金庫,,朝日信用金庫カードローン,,,,,scraped_from_manekai_company_category
manekai_credit_associations,https://manekai.ameba.jp/cardloan/company/credit_associations/,https://manekai.ameba.jp/cardloan/morinomiyako-shinkin/,信用金庫,杜の都信用金庫,,杜の都信用金庫カードローン,,,,,scraped_from_manekai_company_category
manekai_credit_associations,https://manekai.ameba.jp/cardloan/company/credit_associations/,https://manekai.ameba.jp/cardloan/hamamatsu-shinkin/,信用金庫,浜松いわた信用金庫,,浜松いわた信用金庫カードローン,,,,,scraped_from_manekai_company_category
manekai_credit_associations,https://manekai.ameba.jp/cardloan/company/credit_associations/,https://manekai.ameba.jp/cardloan/kotoshin/,信用金庫,湖東信用金庫,,湖東信用金庫カードローン,,,,,scraped_from_manekai_company_category
manekai_credit_associations,https://manekai.ameba.jp/cardloan/company/credit_associations/,https://manekai.ameba.jp/cardloan/karashin-bank/,信用金庫,烏山信用金庫,,烏山信用金庫カードローン「きゃっする」,,,,,scraped_from_manekai_company_category
manekai_credit_associations,https://manekai.ameba.jp/cardloan/company/credit_associations/,https://manekai.ameba.jp/cardloan/yaizu-shinkin/,信用金庫,焼津信用金庫,,焼津信用金庫カードローン,,,,,scraped_from_manekai_company_category
manekai_credit_associations,https://manekai.ameba.jp/cardloan/company/credit_associations/,https://manekai.ameba.jp/cardloan/tamashima/,信用金庫,玉島信用金庫,,玉島信用金庫カードローン,,,,,scraped_from_manekai_company_category
manekai_credit_associations,https://manekai.ameba.jp/cardloan/company/credit_associations/,https://manekai.ameba.jp/cardloan/shirakawa-shinkin/,信用金庫,白河信用金庫,,白河信用金庫カードローン,,,,,scraped_from_manekai_company_category
manekai_credit_associations,https://manekai.ameba.jp/cardloan/company/credit_associations/,https://manekai.ameba.jp/cardloan/morishin/,信用金庫,盛岡信用金庫,,盛岡信用金庫カードローン,,,,,scraped_from_manekai_company_category
manekai_credit_associations,https://manekai.ameba.jp/cardloan/company/credit_associations/,https://manekai.ameba.jp/cardloan/i-shinkin/,信用金庫,石巻信用金庫,,石巻信用金庫カードローン,,,,,scraped_from_manekai_company_category
manekai_credit_associations,https://manekai.ameba.jp/cardloan/company/credit_associations/,https://manekai.ameba.jp/cardloan/shinkinbank/,信用金庫,神戸信用金庫,,神戸信用金庫カードローン,,,,,scraped_from_manekai_company_category
manekai_credit_associations,https://manekai.ameba.jp/cardloan/company/credit_associations/,https://manekai.ameba.jp/cardloan/akishin/,信用金庫,秋田信用金庫,,秋田信用金庫カードローン,,,,,scraped_from_manekai_company_category
manekai_credit_associations,https://manekai.ameba.jp/cardloan/company/credit_associations/,https://manekai.ameba.jp/cardloan/wakashin/,信用金庫,稚内信用金庫,,稚内信用金庫カードローン,,,,,scraped_from_manekai_company_category
manekai_credit_associations,https://manekai.ameba.jp/cardloan/company/credit_associations/,https://manekai.ameba.jp/cardloan/abashin/,信用金庫,網走信用金庫,,網走信用金庫カードローン,,,,,scraped_from_manekai_company_category
manekai_credit_associations,https://manekai.ameba.jp/cardloan/company/credit_associations/,https://manekai.ameba.jp/cardloan/tomashin/,信用金庫,苫小牧信用金庫,,苫小牧信用金庫カードローン,,,,,scraped_from_manekai_company_category
manekai_credit_associations,https://manekai.ameba.jp/cardloan/company/credit_associations/,https://manekai.ameba.jp/cardloan/gamashin/,信用金庫,蒲郡信用金庫,,蒲郡信用金庫カードローン,,,,,scraped_from_manekai_company_category
manekai_credit_associations,https://manekai.ameba.jp/cardloan/company/credit_associations/,https://manekai.ameba.jp/cardloan/seibushinkin/,信用金庫,西武信用金庫,,西武信用金庫カードローン,,,,,scraped_from_manekai_company_category
manekai_credit_associations,https://manekai.ameba.jp/cardloan/company/credit_associations/,https://manekai.ameba.jp/cardloan/toyoshin/,信用金庫,豊田信用金庫,,豊田信用金庫カードローン,,,,,scraped_from_manekai_company_category
manekai_credit_associations,https://manekai.ameba.jp/cardloan/company/credit_associations/,https://manekai.ameba.jp/cardloan/ashikagakoyamashinkin/,信用金庫,足利小山信用金庫,,足利小山信用金庫カードローン,,,,,scraped_from_manekai_company_category
manekai_credit_associations,https://manekai.ameba.jp/cardloan/company/credit_associations/,https://manekai.ameba.jp/cardloan/aoimorishinkin/,信用金庫,青い森信用金庫,,青い森信用金庫カードローン,,,,,scraped_from_manekai_company_category
manekai_credit_associations,https://manekai.ameba.jp/cardloan/company/credit_associations/,https://manekai.ameba.jp/cardloan/aosyn/,信用金庫,青梅信用金庫,,青梅信用金庫カードローン,,,,,scraped_from_manekai_company_category
manekai_credit_associations,https://manekai.ameba.jp/cardloan/company/credit_associations/,https://manekai.ameba.jp/cardloan/iishin/,信用金庫,飯塚信用金庫”いいしんのカードローンきゃっする500”,,飯塚信用金庫”いいしんのカードローンきゃっする500”,,,,,scraped_from_manekai_company_category
manekai_credit_associations,https://manekai.ameba.jp/cardloan/company/credit_associations/,https://manekai.ameba.jp/cardloan/hanno-shinkin/,信用金庫,飯能信用金庫,,飯能信用金庫カードローン,,,,,scraped_from_manekai_company_category
manekai_credit_associations,https://manekai.ameba.jp/cardloan/company/credit_associations/,https://manekai.ameba.jp/cardloan/takayama/,信用金庫,高山信用金庫”たかしんカードローン マネーカード”,,高山信用金庫”たかしんカードローン マネーカード”,,,,,scraped_from_manekai_company_category
manekai_credit_associations,https://manekai.ameba.jp/cardloan/company/credit_associations/,https://manekai.ameba.jp/cardloan/combank/,信用金庫,高知信用金庫,,高知信用金庫カードローン,,,,,scraped_from_manekai_company_category
manekai_credit_associations,https://manekai.ameba.jp/cardloan/company/credit_associations/,https://manekai.ameba.jp/cardloan/takanabe-shinkin/,信用金庫,高鍋信用金庫,,高鍋信用金庫カードローン,,,,,scraped_from_manekai_company_category
manekai_credit_associations,https://manekai.ameba.jp/cardloan/company/credit_associations/,https://manekai.ameba.jp/cardloan/kashin/,信用金庫,鹿児島信用金庫,,鹿児島信用金庫カードローン,,,,,scraped_from_manekai_company_category
manekai_credit_associations,https://manekai.ameba.jp/cardloan/company/credit_associations/,https://manekai.ameba.jp/cardloan/kasosin/,信用金庫,鹿児島相互信用金庫,,鹿児島相互信用金庫カードローン,,,,,scraped_from_manekai_company_category
yahoo_finance_cardloan_item,https://finance.yahoo.co.jp/card-loan/item,https://finance.yahoo.co.jp/card-loan/item/902,信販・カード,JCB,株式会社ジェーシービー,JCB CARD LOAN FAITH,902,1.3000,12.5000,https://www.global.jcb/ja/,companyType=7; also_seen=existing_provider_candidate
manekai_credit_companies,https://manekai.ameba.jp/cardloan/company/credit_companies/,https://manekai.ameba.jp/cardloan/hncb/,信販・カード,KHK,,KHK株式会社「フリーローン」,,,,,scraped_from_manekai_company_category
yahoo_finance_cardloan_item,https://finance.yahoo.co.jp/card-loan/item,https://finance.yahoo.co.jp/card-loan/item/166,信販・カード,エヌケーシー,株式会社エヌケーシー,スーパーfitカード300,166,3.8000,17.8000,https://www.web-nkc.com/,companyType=7
yahoo_finance_cardloan_item,https://finance.yahoo.co.jp/card-loan/item,https://finance.yahoo.co.jp/card-loan/item/169,信販・カード,オリエントコーポレーション,株式会社オリエントコーポレーション,ローンカード「CREST」,169,4.5000,18.0000,https://www.orico.co.jp/,companyType=7
existing_provider_candidate,data/cardloan_provider_candidates.csv,,信販・カード,オリックス・クレジット,,ORIX MONEY / VIPローンカード,,,,,manual_provider_candidate
yahoo_finance_cardloan_item,https://finance.yahoo.co.jp/card-loan/item,https://finance.yahoo.co.jp/card-loan/item/168,信販・カード,オーシー,株式会社オーシー,natura,168,9.0000,17.8000,http://www.occard.jp/,companyType=7
yahoo_finance_cardloan_item,https://finance.yahoo.co.jp/card-loan/item,https://finance.yahoo.co.jp/card-loan/item/167,信販・カード,オーシー,株式会社オーシー,ローンカード『e』,167,9.0000,16.8000,http://www.occard.jp/,companyType=7
existing_provider_candidate,data/cardloan_provider_candidates.csv,,信販・カード,クレディセゾン,,MONEY CARD,,,,,ubersuggest_keyword_export
yahoo_finance_cardloan_item,https://finance.yahoo.co.jp/card-loan/item,https://finance.yahoo.co.jp/card-loan/item/1475,信販・カード,クレディセゾン,株式会社クレディセゾン,MONEY CARD GOLD,1475,8.0000,10.0000,https://www.saisoncard.co.jp/,companyType=7
manekai_credit_companies,https://manekai.ameba.jp/cardloan/company/credit_companies/,https://manekai.ameba.jp/cardloan/saisoncard/,信販・カード,クレディセゾン,,クレディセゾン カードローン,,,,,scraped_from_manekai_company_category
yahoo_finance_cardloan_item,https://finance.yahoo.co.jp/card-loan/item,https://finance.yahoo.co.jp/card-loan/item/1499,信販・カード,クレディセゾン,株式会社クレディセゾン,メンバーズローン(フリーコース),1499,10.0000,15.0000,https://www.saisoncard.co.jp/,companyType=7
yahoo_finance_cardloan_item,https://finance.yahoo.co.jp/card-loan/item,https://finance.yahoo.co.jp/card-loan/item/171,信販・カード,クレディセゾン,株式会社クレディセゾン,メンバーズローン(総合目的コース),171,8.0000,13.0000,https://www.saisoncard.co.jp/,companyType=7
yahoo_finance_cardloan_item,https://finance.yahoo.co.jp/card-loan/item,https://finance.yahoo.co.jp/card-loan/item/160,信販・カード,シティックスカード,シティックスカード株式会社,Step,160,14.4000,17.7000,http://www.citixcard.co.jp/,companyType=7
yahoo_finance_cardloan_item,https://finance.yahoo.co.jp/card-loan/item,https://finance.yahoo.co.jp/card-loan/item/1494,信販・カード,ジャックス,株式会社ジャックス,ミラジツカードレス<子育てサポートコース>,1494,3.9000,4.8000,https://www.jaccs.co.jp/,companyType=7
yahoo_finance_cardloan_item,https://finance.yahoo.co.jp/card-loan/item,https://finance.yahoo.co.jp/card-loan/item/1495,信販・カード,ジャックス,株式会社ジャックス,ミラジツカードレス<社会人ステップアップコース>,1495,4.2000,9.6000,https://www.jaccs.co.jp/,companyType=7
yahoo_finance_cardloan_item,https://finance.yahoo.co.jp/card-loan/item,https://finance.yahoo.co.jp/card-loan/item/285,信販・カード,トワライズ,株式会社トワライズ,CashValue,285,7.8000,18.0000,https://www.towarise.jp/,companyType=7
yahoo_finance_cardloan_item,https://finance.yahoo.co.jp/card-loan/item,https://finance.yahoo.co.jp/card-loan/item/1440,信販・カード,ドコモ・ファイナンス,株式会社ドコモ・ファイナンス,VIPローンカード(アプリ型),1440,1.5000,18.0000,https://finance.docomo.ne.jp/,companyType=7
yahoo_finance_cardloan_item,https://finance.yahoo.co.jp/card-loan/item,https://finance.yahoo.co.jp/card-loan/item/188,信販・カード,モデル百貨,株式会社モデル百貨,キャッシング,188,18.0000,18.0000,https://www.nc-card.co.jp/,companyType=7
manekai_credit_companies,https://manekai.ameba.jp/cardloan/company/credit_companies/,https://manekai.ameba.jp/cardloan/aj-card/,信販・カード,全日信販,,全日信販カードローン,,,,,scraped_from_manekai_company_category
yahoo_finance_cardloan_item,https://finance.yahoo.co.jp/card-loan/item,https://finance.yahoo.co.jp/card-loan/item/286,信販・カード,出光クレジット,出光クレジット株式会社,出光カードローン,286,15.0000,15.0000,http://www.idemitsucard.com/,companyType=7
existing_provider_candidate,data/cardloan_provider_candidates.csv,,協同組織・その他,JAバンク,,JAバンクカードローン,,,,,ubersuggest_keyword_export
existing_provider_candidate,data/cardloan_provider_candidates.csv,,協同組織・その他,ろうきん,,労働金庫カードローン,,,,,ubersuggest_keyword_export
existing_provider_candidate,data/cardloan_provider_candidates.csv,,消費者金融・貸金業,AZ,,AZ,,,,,ubersuggest_keyword_export
yahoo_finance_cardloan_item,https://finance.yahoo.co.jp/card-loan/item,https://finance.yahoo.co.jp/card-loan/item/1497,消費者金融・貸金業,LINE Credit,LINE Credit 株式会社,LINEポケットマネー,1497,3.0000,18.0000,https://linecreditcorp.com/,companyType=6; also_seen=existing_provider_candidate
yahoo_finance_cardloan_item,https://finance.yahoo.co.jp/card-loan/item,https://finance.yahoo.co.jp/card-loan/item/15,消費者金融・貸金業,SBI新生銀行,新生フィナンシャル株式会社,レイク,15,4.5000,18.0000,https://shinseifinancial.co.jp/,companyType=6; also_seen=existing_provider_candidate
yahoo_finance_cardloan_item,https://finance.yahoo.co.jp/card-loan/item,https://finance.yahoo.co.jp/card-loan/item/13,消費者金融・貸金業,SMBCコンシューマーファイナンス,SMBCコンシューマーファイナンス株式会社,プロミス,13,2.5000,18.0000,https://www.smbc-cf.com,companyType=6; also_seen=existing_provider_candidate
yahoo_finance_cardloan_item,https://finance.yahoo.co.jp/card-loan/item,https://finance.yahoo.co.jp/card-loan/item/273,消費者金融・貸金業,SMBCコンシューマーファイナンス,SMBCコンシューマーファイナンス株式会社,プロミス レディースキャッシング,273,2.5000,18.0000,https://www.smbc-cf.com,companyType=6
existing_provider_candidate,data/cardloan_provider_candidates.csv,,消費者金融・貸金業,いつも,,いつも,,,,,ubersuggest_keyword_export
yahoo_finance_cardloan_item,https://finance.yahoo.co.jp/card-loan/item,https://finance.yahoo.co.jp/card-loan/item/8,消費者金融・貸金業,アイフル,アイフル株式会社,おまとめMAX,8,3.0000,17.5000,https://www.aiful.co.jp,companyType=6
yahoo_finance_cardloan_item,https://finance.yahoo.co.jp/card-loan/item,https://finance.yahoo.co.jp/card-loan/item/7,消費者金融・貸金業,アイフル,アイフル株式会社,かりかえMAX,7,3.0000,17.5000,https://www.aiful.co.jp,companyType=6
yahoo_finance_cardloan_item,https://finance.yahoo.co.jp/card-loan/item,https://finance.yahoo.co.jp/card-loan/item/5,消費者金融・貸金業,アイフル,アイフル株式会社,アイフル,5,3.0000,18.0000,https://www.aiful.co.jp,companyType=6; also_seen=existing_provider_candidate
yahoo_finance_cardloan_item,https://finance.yahoo.co.jp/card-loan/item,https://finance.yahoo.co.jp/card-loan/item/10,消費者金融・貸金業,アコム,アコム株式会社,アコム,10,2.4000,17.9000,https://www.acom.co.jp/,companyType=6; also_seen=existing_provider_candidate
existing_provider_candidate,data/cardloan_provider_candidates.csv,,消費者金融・貸金業,アロー,,アロー,,,,,ubersuggest_keyword_export
existing_provider_candidate,data/cardloan_provider_candidates.csv,,消費者金融・貸金業,エイワ,,エイワ,,,,,manual_provider_candidate
manekai_consumer,https://manekai.ameba.jp/cardloan/company/consumer/,https://manekai.ameba.jp/cardloan/eiwa/,消費者金融・貸金業,エイワ,,キャッシングエイワ,,,,,scraped_from_manekai_company_category
manekai_consumer,https://manekai.ameba.jp/cardloan/company/consumer/,https://manekai.ameba.jp/cardloan/orixcredit/,消費者金融・貸金業,オリックス・クレジット,,オリックスVIPローンカード,,,,,scraped_from_manekai_company_category
manekai_consumer,https://manekai.ameba.jp/cardloan/company/consumer/,https://manekai.ameba.jp/cardloan/any-cashing/,消費者金融・貸金業,キャッシングMOFF,,キャッシングMOFF,,,,,scraped_from_manekai_company_category
existing_provider_candidate,data/cardloan_provider_candidates.csv,,消費者金融・貸金業,キャネット,,キャネット,,,,,ubersuggest_keyword_export
yahoo_finance_cardloan_item,https://finance.yahoo.co.jp/card-loan/item,https://finance.yahoo.co.jp/card-loan/item/170,消費者金融・貸金業,キャネット,株式会社キャネット,キャネット ローン,170,15.0000,20.0000,https://www.canet-f.com/,companyType=6
manekai_consumer,https://manekai.ameba.jp/cardloan/company/consumer/,https://manekai.ameba.jp/cardloan/cashing-space/,消費者金融・貸金業,スペース,,スペース「キャッシングスペース」,,,,,scraped_from_manekai_company_category
existing_provider_candidate,data/cardloan_provider_candidates.csv,,消費者金融・貸金業,セントラル,,セントラル,,,,,ubersuggest_keyword_export
yahoo_finance_cardloan_item,https://finance.yahoo.co.jp/card-loan/item,https://finance.yahoo.co.jp/card-loan/item/161,消費者金融・貸金業,ダイレクトワン,ダイレクトワン株式会社,ダイレクトワン,161,4.9000,18.0000,https://www.directone.co.jp/,companyType=6; also_seen=existing_provider_candidate
existing_provider_candidate,data/cardloan_provider_candidates.csv,,消費者金融・貸金業,ニチデン,,ニチデン,,,,,ubersuggest_keyword_export
existing_provider_candidate,data/cardloan_provider_candidates.csv,,消費者金融・貸金業,フクホー,,フクホー,,,,,ubersuggest_keyword_export
existing_provider_candidate,data/cardloan_provider_candidates.csv,,消費者金融・貸金業,フタバ,,フタバ,,,,,ubersuggest_keyword_export
existing_provider_candidate,data/cardloan_provider_candidates.csv,,消費者金融・貸金業,ベルーナノーティス,,ベルーナノーティス,,,,,ubersuggest_keyword_export
manekai_consumer,https://manekai.ameba.jp/cardloan/company/consumer/,https://manekai.ameba.jp/cardloan/ryfety/,消費者金融・貸金業,ライフティ,,ライフティ カードローン,,,,,scraped_from_manekai_company_category
yahoo_finance_cardloan_item,https://finance.yahoo.co.jp/card-loan/item,https://finance.yahoo.co.jp/card-loan/item/14,消費者金融・貸金業,三井住友カード,三井住友カード株式会社,SMBCモビット,14,3.0000,18.0000,https://www.smbc-card.com,companyType=6; also_seen=existing_provider_candidate
existing_provider_candidate,data/cardloan_provider_candidates.csv,,消費者金融・貸金業,新生フィナンシャル,,ノーローン,,,,,ubersuggest_keyword_export
manekai_other_banks,https://manekai.ameba.jp/cardloan/company/other_banks/,https://manekai.ameba.jp/cardloan/jabank_aichishinren/,銀行-その他,JAバンクあいち”ワイドカードローン300”,,JAバンクあいち”ワイドカードローン300”,,,,,scraped_from_manekai_company_category
manekai_other_banks,https://manekai.ameba.jp/cardloan/company/other_banks/,https://manekai.ameba.jp/cardloan/jabank-hokkaido/,銀行-その他,JAバンク北海道,,JAバンク北海道カードローン,,,,,scraped_from_manekai_company_category
manekai_other_banks,https://manekai.ameba.jp/cardloan/company/other_banks/,https://manekai.ameba.jp/cardloan/jabank-shizuoka/,銀行-その他,JAバンク静岡,,JAバンク静岡「カードローンN」,,,,,scraped_from_manekai_company_category
manekai_other_banks,https://manekai.ameba.jp/cardloan/company/other_banks/,https://manekai.ameba.jp/cardloan/jp-bank/,銀行-その他,ゆうちょ銀行,,ゆうちょ銀行カードローン,,,,,scraped_from_manekai_company_category
manekai_other_banks,https://manekai.ameba.jp/cardloan/company/other_banks/,https://manekai.ameba.jp/cardloan/chuo_rokin/,銀行-その他,中央労働金庫,,中央労働金庫カードローン,,,,,scraped_from_manekai_company_category
existing_provider_candidate,data/cardloan_provider_candidates.csv,,銀行-その他,東京スター銀行,,スターカードローン,,,,,ubersuggest_keyword_export
manekai_other_banks,https://manekai.ameba.jp/cardloan/company/other_banks/,https://manekai.ameba.jp/cardloan/rokin/,銀行-その他,近畿ろうきん,,近畿ろうきんカードローン,,,,,scraped_from_manekai_company_category
manekai_other_banks,https://manekai.ameba.jp/cardloan/company/other_banks/,https://manekai.ameba.jp/cardloan/nagano-rokin/,銀行-その他,長野ろうきん,,長野ろうきんカードローン,,,,,scraped_from_manekai_company_category
yahoo_finance_cardloan_item,https://finance.yahoo.co.jp/card-loan/item,https://finance.yahoo.co.jp/card-loan/item/329,銀行-ネット,auじぶん銀行,auじぶん銀行株式会社,auじぶん銀行カードローン,329,1.3800,17.8000,https://www.jibunbank.co.jp/,companyType=3; also_seen=manekai_net_banks
existing_provider_candidate,data/cardloan_provider_candidates.csv,,銀行-ネット,auじぶん銀行,,じぶんローン,,,,,ubersuggest_keyword_export
existing_provider_candidate,data/cardloan_provider_candidates.csv,,銀行-ネット,GMOあおぞらネット銀行,,GMOあおぞらネット銀行カードローン候補,,,,,ubersuggest_keyword_export
yahoo_finance_cardloan_item,https://finance.yahoo.co.jp/card-loan/item,https://finance.yahoo.co.jp/card-loan/item/2,銀行-ネット,PayPay銀行,PayPay銀行株式会社,PayPay銀行カードローン,2,1.5900,18.0000,https://www.paypay-bank.co.jp/,companyType=3; also_seen=manekai_net_banks; also_seen=existing_provider_candidate
existing_provider_candidate,data/cardloan_provider_candidates.csv,,銀行-ネット,SBI新生銀行,,SBI新生銀行カードローン,,,,,ubersuggest_keyword_export
manekai_net_banks,https://manekai.ameba.jp/cardloan/company/net_banks/,https://manekai.ameba.jp/cardloan/aeonbank/,銀行-ネット,イオン銀行,,イオン銀行カードローン,,,,,scraped_from_manekai_company_category; also_seen=existing_provider_candidate
manekai_net_banks,https://manekai.ameba.jp/cardloan/company/net_banks/,https://manekai.ameba.jp/cardloan/orixbank/,銀行-ネット,オリックス銀行,,オリックス銀行カードローン,,,,,scraped_from_manekai_company_category; also_seen=existing_provider_candidate
yahoo_finance_cardloan_item,https://finance.yahoo.co.jp/card-loan/item,https://finance.yahoo.co.jp/card-loan/item/12,銀行-ネット,オリックス銀行,オリックス銀行株式会社,オリックス銀行 カードローン,12,1.7000,14.8000,https://www.orixbank.co.jp/,companyType=3
manekai_net_banks,https://manekai.ameba.jp/cardloan/company/net_banks/,https://manekai.ameba.jp/cardloan/sevenbank/,銀行-ネット,セブン銀行,,セブン銀行カードローン,,,,,scraped_from_manekai_company_category; also_seen=existing_provider_candidate
yahoo_finance_cardloan_item,https://finance.yahoo.co.jp/card-loan/item,https://finance.yahoo.co.jp/card-loan/item/174,銀行-ネット,セブン銀行,株式会社セブン銀行,セブン銀行 ローンサービス,174,12.0000,15.0000,https://www.sevenbank.co.jp/,companyType=3
existing_provider_candidate,data/cardloan_provider_candidates.csv,,銀行-ネット,ソニー銀行,,ソニー銀行カードローン,,,,,ubersuggest_keyword_export
yahoo_finance_cardloan_item,https://finance.yahoo.co.jp/card-loan/item,https://finance.yahoo.co.jp/card-loan/item/331,銀行-ネット,住信SBIネット銀行,住信SBIネット銀行株式会社,住信SBIネット銀行カードローン,331,2.6400,14.9400,https://www.netbk.co.jp/,companyType=3; also_seen=manekai_net_banks; also_seen=existing_provider_candidate
yahoo_finance_cardloan_item,https://finance.yahoo.co.jp/card-loan/item,https://finance.yahoo.co.jp/card-loan/item/16,銀行-ネット,楽天銀行,楽天銀行株式会社,楽天銀行スーパーローン,16,1.9000,14.5000,https://www.rakuten-bank.co.jp/,companyType=3; also_seen=existing_provider_candidate
manekai_net_banks,https://manekai.ameba.jp/cardloan/company/net_banks/,https://manekai.ameba.jp/cardloan/rakuten-bank/,銀行-ネット,楽天銀行スーパー,,楽天銀行スーパーローン,,,,,scraped_from_manekai_company_category
yahoo_finance_cardloan_item,https://finance.yahoo.co.jp/card-loan/item,https://finance.yahoo.co.jp/card-loan/item/1487,銀行-メガ/都市,SBJ銀行,株式会社SBJ銀行,SBJカードローン「ぐでっと」,1487,4.0000,9.2000,https://www.sbjbank.co.jp/,companyType=1
yahoo_finance_cardloan_item,https://finance.yahoo.co.jp/card-loan/item,https://finance.yahoo.co.jp/card-loan/item/325,銀行-メガ/都市,みずほ銀行,株式会社みずほ銀行,みずほ銀行カードローン,325,2.0000,14.0000,https://www.mizuhobank.co.jp,companyType=1; also_seen=manekai_city_banks; also_seen=existing_provider_candidate
manekai_city_banks,https://manekai.ameba.jp/cardloan/company/city_banks/,https://manekai.ameba.jp/cardloan/resonabank/,銀行-メガ/都市,りそなプレミアム,,りそなプレミアムカードローン,,,,,scraped_from_manekai_company_category
yahoo_finance_cardloan_item,https://finance.yahoo.co.jp/card-loan/item,https://finance.yahoo.co.jp/card-loan/item/190,銀行-メガ/都市,りそな銀行,株式会社りそな銀行,りそなプレミアムカードローン,190,1.4500,13.9000,https://www.resonabank.co.jp/,companyType=1
existing_provider_candidate,data/cardloan_provider_candidates.csv,,銀行-メガ/都市,りそな銀行,,りそな銀行カードローン,,,,,ubersuggest_keyword_export
manekai_city_banks,https://manekai.ameba.jp/cardloan/company/city_banks/,https://manekai.ameba.jp/cardloan/smbc/,銀行-メガ/都市,三井住友銀行,,三井住友銀行カードローン,,,,,scraped_from_manekai_company_category; also_seen=existing_provider_candidate
yahoo_finance_cardloan_item,https://finance.yahoo.co.jp/card-loan/item,https://finance.yahoo.co.jp/card-loan/item/4,銀行-メガ/都市,三井住友銀行,株式会社三井住友銀行,三井住友銀行 カードローン,4,1.5000,14.5000,https://www.smbc.co.jp/,companyType=1
existing_provider_candidate,data/cardloan_provider_candidates.csv,,銀行-メガ/都市,三菱UFJ銀行,,バンクイック,,,,,ubersuggest_keyword_export
manekai_city_banks,https://manekai.ameba.jp/cardloan/company/city_banks/,https://manekai.ameba.jp/cardloan/bk-mufg/,銀行-メガ/都市,三菱UFJ銀行,,三菱UFJ銀行カードローン「バンクイック」,,,,,scraped_from_manekai_company_category
yahoo_finance_cardloan_item,https://finance.yahoo.co.jp/card-loan/item,https://finance.yahoo.co.jp/card-loan/item/17,銀行-メガ/都市,三菱UFJ銀行,株式会社三菱UFJ銀行,三菱UFJ銀行カードローンバンクイック,17,1.4000,14.6000,https://www.bk.mufg.jp,companyType=1
existing_provider_candidate,data/cardloan_provider_candidates.csv,,銀行-メガ/都市,埼玉りそな銀行,,埼玉りそな銀行カードローン,,,,,ubersuggest_keyword_export
yahoo_finance_cardloan_item,https://finance.yahoo.co.jp/card-loan/item,https://finance.yahoo.co.jp/card-loan/item/1503,銀行-地方,あいち銀行,株式会社あいち銀行,カードローン「愛」,1503,1.6000,13.9000,https://www.aichibank.co.jp/,companyType=2
yahoo_finance_cardloan_item,https://finance.yahoo.co.jp/card-loan/item,https://finance.yahoo.co.jp/card-loan/item/1490,銀行-地方,きらぼし銀行,株式会社きらぼし銀行,きらぼし銀行カードローン,1490,2.2500,14.9500,https://www.kiraboshibank.co.jp/,companyType=2; also_seen=existing_provider_candidate
manekai_region_banks,https://manekai.ameba.jp/cardloan/company/region_banks/,https://manekai.ameba.jp/cardloan/kirayaka/,銀行-地方,きらやか銀行,,きらやか銀行カードローン,,,,,scraped_from_manekai_company_category
manekai_region_banks,https://manekai.ameba.jp/cardloan/company/region_banks/,https://manekai.ameba.jp/cardloan/michinokubank/,銀行-地方,みちのく銀行,,みちのく銀行カードローン,,,,,scraped_from_manekai_company_category
yahoo_finance_cardloan_item,https://finance.yahoo.co.jp/card-loan/item,https://finance.yahoo.co.jp/card-loan/item/1489,銀行-地方,みなと銀行,株式会社みなと銀行,みなとカードローン,1489,4.5000,14.0000,https://www.minatobk.co.jp/,companyType=2
manekai_region_banks,https://manekai.ameba.jp/cardloan/company/region_banks/,https://manekai.ameba.jp/cardloan/minatobk/,銀行-地方,みなと銀行,,みなと銀行カードローン,,,,,scraped_from_manekai_company_category
manekai_region_banks,https://manekai.ameba.jp/cardloan/company/region_banks/,https://manekai.ameba.jp/cardloan/momijibank/,銀行-地方,もみじ銀行,,もみじ銀行カードローン,,,,,scraped_from_manekai_company_category; also_seen=existing_provider_candidate
yahoo_finance_cardloan_item,https://finance.yahoo.co.jp/card-loan/item,https://finance.yahoo.co.jp/card-loan/item/193,銀行-地方,もみじ銀行,株式会社もみじ銀行,マイカードもみじ君,193,4.5000,14.5000,https://www.momijibank.co.jp/,companyType=2
manekai_region_banks,https://manekai.ameba.jp/cardloan/company/region_banks/,https://manekai.ameba.jp/cardloan/surugabank/,銀行-地方,スルガ銀行,,スルガ銀行カードローン,,,,,scraped_from_manekai_company_category; also_seen=existing_provider_candidate
yahoo_finance_cardloan_item,https://finance.yahoo.co.jp/card-loan/item,https://finance.yahoo.co.jp/card-loan/item/179,銀行-地方,トマト銀行,株式会社トマト銀行,Q-Li[キューリ],179,3.0000,14.5000,https://www.tomatobank.co.jp/,companyType=2
yahoo_finance_cardloan_item,https://finance.yahoo.co.jp/card-loan/item,https://finance.yahoo.co.jp/card-loan/item/181,銀行-地方,トマト銀行,株式会社トマト銀行,はなまるポケットカードローン300,181,9.0000,14.5000,https://www.tomatobank.co.jp/,companyType=2
yahoo_finance_cardloan_item,https://finance.yahoo.co.jp/card-loan/item,https://finance.yahoo.co.jp/card-loan/item/180,銀行-地方,トマト銀行,株式会社トマト銀行,スピード王,180,12.0000,14.5000,https://www.tomatobank.co.jp/,companyType=2
yahoo_finance_cardloan_item,https://finance.yahoo.co.jp/card-loan/item,https://finance.yahoo.co.jp/card-loan/item/176,銀行-地方,トマト銀行,株式会社トマト銀行,トマト・カードローンMAX,176,6.1500,13.1500,https://www.tomatobank.co.jp/,companyType=2
manekai_region_banks,https://manekai.ameba.jp/cardloan/company/region_banks/,https://manekai.ameba.jp/cardloan/tomatobank/,銀行-地方,トマト銀行,,トマト銀行カードローン,,,,,scraped_from_manekai_company_category
manekai_region_banks,https://manekai.ameba.jp/cardloan/company/region_banks/,https://manekai.ameba.jp/cardloan/77bank/,銀行-地方,七十七銀行,,七十七銀行カードローン,,,,,scraped_from_manekai_company_category; also_seen=existing_provider_candidate
yahoo_finance_cardloan_item,https://finance.yahoo.co.jp/card-loan/item,https://finance.yahoo.co.jp/card-loan/item/1486,銀行-地方,三十三銀行,株式会社三十三銀行,三十三銀行 カードローン,1486,0.9000,14.5000,https://www.33bank.co.jp/,companyType=2
manekai_region_banks,https://manekai.ameba.jp/cardloan/company/region_banks/,https://manekai.ameba.jp/cardloan/miebank/,銀行-地方,三重銀行,,三重銀行カードローン,,,,,scraped_from_manekai_company_category
manekai_region_banks,https://manekai.ameba.jp/cardloan/company/region_banks/,https://manekai.ameba.jp/cardloan/chukyo-bank/,銀行-地方,中京銀行,,中京銀行カードローン,,,,,scraped_from_manekai_company_category; also_seen=existing_provider_candidate
manekai_region_banks,https://manekai.ameba.jp/cardloan/company/region_banks/,https://manekai.ameba.jp/cardloan/chugin/,銀行-地方,中国銀行,,中国銀行カードローン,,,,,scraped_from_manekai_company_category; also_seen=existing_provider_candidate
manekai_region_banks,https://manekai.ameba.jp/cardloan/company/region_banks/,https://manekai.ameba.jp/cardloan/keiyobank/,銀行-地方,京葉銀行,,京葉銀行カードローン,,,,,scraped_from_manekai_company_category; also_seen=existing_provider_candidate
manekai_region_banks,https://manekai.ameba.jp/cardloan/company/region_banks/,https://manekai.ameba.jp/cardloan/kyotobank/,銀行-地方,京都銀行,,京都銀行カードローン,,,,,scraped_from_manekai_company_category; also_seen=existing_provider_candidate
yahoo_finance_cardloan_item,https://finance.yahoo.co.jp/card-loan/item,https://finance.yahoo.co.jp/card-loan/item/1462,銀行-地方,京都銀行,株式会社京都銀行,京都銀行カードローン <ダイレクト>,1462,1.9000,14.5000,https://www.kyotobank.co.jp/,companyType=2
yahoo_finance_cardloan_item,https://finance.yahoo.co.jp/card-loan/item,https://finance.yahoo.co.jp/card-loan/item/1485,銀行-地方,仙台銀行,株式会社仙台銀行,カードローンNEO,1485,3.5000,14.5000,https://www.sendaibank.co.jp/,companyType=2
manekai_region_banks,https://manekai.ameba.jp/cardloan/company/region_banks/,https://manekai.ameba.jp/cardloan/sendaibank/,銀行-地方,仙台銀行,,仙台銀行カードローン,,,,,scraped_from_manekai_company_category; also_seen=existing_provider_candidate
yahoo_finance_cardloan_item,https://finance.yahoo.co.jp/card-loan/item,https://finance.yahoo.co.jp/card-loan/item/296,銀行-地方,伊予銀行,株式会社伊予銀行,いよぎん新スピードカードローン,296,2.0000,14.5000,https://www.iyobank.co.jp/,companyType=2
manekai_region_banks,https://manekai.ameba.jp/cardloan/company/region_banks/,https://manekai.ameba.jp/cardloan/iyobank/,銀行-地方,伊予銀行,,伊予銀行カードローン,,,,,scraped_from_manekai_company_category; also_seen=existing_provider_candidate
manekai_region_banks,https://manekai.ameba.jp/cardloan/company/region_banks/,https://manekai.ameba.jp/cardloan/tajimabank/,銀行-地方,但馬銀行,,但馬銀行カードローン,,,,,scraped_from_manekai_company_category; also_seen=existing_provider_candidate
yahoo_finance_cardloan_item,https://finance.yahoo.co.jp/card-loan/item,https://finance.yahoo.co.jp/card-loan/item/1446,銀行-地方,佐賀共栄銀行,株式会社佐賀共栄銀行,カードローンえびす,1446,7.0000,14.5000,https://www.kyogin.co.jp/,companyType=2
manekai_region_banks,https://manekai.ameba.jp/cardloan/company/region_banks/,https://manekai.ameba.jp/cardloan/kyogin/,銀行-地方,佐賀共栄銀行,,佐賀共栄銀行カードローン,,,,,scraped_from_manekai_company_category
manekai_region_banks,https://manekai.ameba.jp/cardloan/company/region_banks/,https://manekai.ameba.jp/cardloan/sagabank/,銀行-地方,佐賀銀行,,佐賀銀行カードローン,,,,,scraped_from_manekai_company_category; also_seen=existing_provider_candidate
yahoo_finance_cardloan_item,https://finance.yahoo.co.jp/card-loan/item,https://finance.yahoo.co.jp/card-loan/item/1470,銀行-地方,佐賀銀行,株式会社佐賀銀行,佐賀銀行 カードローン,1470,2.0000,14.6000,https://www.sagabank.co.jp/,companyType=2
manekai_region_banks,https://manekai.ameba.jp/cardloan/company/region_banks/,https://manekai.ameba.jp/cardloan/82bank/,銀行-地方,八十二銀行,,八十二銀行カードローン,,,,,scraped_from_manekai_company_category; also_seen=existing_provider_candidate
yahoo_finance_cardloan_item,https://finance.yahoo.co.jp/card-loan/item,https://finance.yahoo.co.jp/card-loan/item/208,銀行-地方,八十二長野銀行,株式会社八十二長野銀行,はちにのかん太くんカード,208,1.8000,14.5000,https://bank.82group.jp/,companyType=2
yahoo_finance_cardloan_item,https://finance.yahoo.co.jp/card-loan/item,https://finance.yahoo.co.jp/card-loan/item/207,銀行-地方,八十二長野銀行,株式会社八十二長野銀行,ニューマイティー(R),207,9.6250,14.2250,https://bank.82group.jp/,companyType=2
yahoo_finance_cardloan_item,https://finance.yahoo.co.jp/card-loan/item,https://finance.yahoo.co.jp/card-loan/item/252,銀行-地方,北九州銀行,株式会社北九州銀行,マイカード きたきゅう君,252,4.5000,14.5000,https://www.kitakyushubank.co.jp/,companyType=2
manekai_region_banks,https://manekai.ameba.jp/cardloan/company/region_banks/,https://manekai.ameba.jp/cardloan/kitakyushubank/,銀行-地方,北九州銀行,,北九州銀行カードローン,,,,,scraped_from_manekai_company_category; also_seen=existing_provider_candidate
yahoo_finance_cardloan_item,https://finance.yahoo.co.jp/card-loan/item,https://finance.yahoo.co.jp/card-loan/item/249,銀行-地方,北九州銀行,株式会社北九州銀行,北九州銀行 ミニカードローン,249,10.5000,10.5000,https://www.kitakyushubank.co.jp/,companyType=2
manekai_region_banks,https://manekai.ameba.jp/cardloan/company/region_banks/,https://manekai.ameba.jp/cardloan/hokkokubank/,銀行-地方,北國銀行,,北國銀行カードローン,,,,,scraped_from_manekai_company_category
yahoo_finance_cardloan_item,https://finance.yahoo.co.jp/card-loan/item,https://finance.yahoo.co.jp/card-loan/item/258,銀行-地方,北日本銀行,株式会社北日本銀行,カードローンアスモ,258,4.5000,14.8000,http://www.kitagin.co.jp/,companyType=2
yahoo_finance_cardloan_item,https://finance.yahoo.co.jp/card-loan/item,https://finance.yahoo.co.jp/card-loan/item/259,銀行-地方,北日本銀行,株式会社北日本銀行,スーパークイカ,259,3.0000,14.8000,http://www.kitagin.co.jp/,companyType=2
manekai_region_banks,https://manekai.ameba.jp/cardloan/company/region_banks/,https://manekai.ameba.jp/cardloan/kitanihonbank/,銀行-地方,北日本銀行,,北日本銀行カードローン,,,,,scraped_from_manekai_company_category
yahoo_finance_cardloan_item,https://finance.yahoo.co.jp/card-loan/item,https://finance.yahoo.co.jp/card-loan/item/262,銀行-地方,北洋銀行,株式会社北洋銀行,スーパーアルカ,262,1.9000,14.7000,https://www.hokuyobank.co.jp/,companyType=2
manekai_region_banks,https://manekai.ameba.jp/cardloan/company/region_banks/,https://manekai.ameba.jp/cardloan/hokuyobank/,銀行-地方,北洋銀行,,北洋銀行カードローン,,,,,scraped_from_manekai_company_category; also_seen=existing_provider_candidate
manekai_region_banks,https://manekai.ameba.jp/cardloan/company/region_banks/,https://manekai.ameba.jp/cardloan/hokaidobank/,銀行-地方,北海道銀行,,北海道銀行カードローン,,,,,scraped_from_manekai_company_category; also_seen=existing_provider_candidate
yahoo_finance_cardloan_item,https://finance.yahoo.co.jp/card-loan/item,https://finance.yahoo.co.jp/card-loan/item/248,銀行-地方,北海道銀行,株式会社北海道銀行,北海道銀行カードローン「ラピッド」,248,1.9000,14.9500,https://www.hokkaidobank.co.jp/,companyType=2
manekai_region_banks,https://manekai.ameba.jp/cardloan/company/region_banks/,https://manekai.ameba.jp/cardloan/hokuetsubank/,銀行-地方,北越銀行,,北越銀行カードローン,,,,,scraped_from_manekai_company_category
existing_provider_candidate,data/cardloan_provider_candidates.csv,,銀行-地方,北都銀行,,北都銀行カードローン,,,,,manual_provider_candidate
manekai_region_banks,https://manekai.ameba.jp/cardloan/company/region_banks/,https://manekai.ameba.jp/cardloan/hokutobank/,銀行-地方,北都銀行”カードローン1000”,,北都銀行”カードローン1000”,,,,,scraped_from_manekai_company_category
manekai_region_banks,https://manekai.ameba.jp/cardloan/company/region_banks/,https://manekai.ameba.jp/cardloan/hokugin/,銀行-地方,北陸銀行,,北陸銀行カードローン,,,,,scraped_from_manekai_company_category; also_seen=existing_provider_candidate
manekai_region_banks,https://manekai.ameba.jp/cardloan/company/region_banks/,https://manekai.ameba.jp/cardloan/jyuhachishinwabank/,銀行-地方,十八親和銀行,,十八親和銀行カードローン,,,,,scraped_from_manekai_company_category; also_seen=existing_provider_candidate
yahoo_finance_cardloan_item,https://finance.yahoo.co.jp/card-loan/item,https://finance.yahoo.co.jp/card-loan/item/275,銀行-地方,十六銀行,株式会社十六銀行,Q-LOAN,275,2.0000,14.9500,https://www.juroku.co.jp/,companyType=2
manekai_region_banks,https://manekai.ameba.jp/cardloan/company/region_banks/,https://manekai.ameba.jp/cardloan/juroku/,銀行-地方,十六銀行,,十六銀行カードローン,,,,,scraped_from_manekai_company_category; also_seen=existing_provider_candidate
yahoo_finance_cardloan_item,https://finance.yahoo.co.jp/card-loan/item,https://finance.yahoo.co.jp/card-loan/item/50,銀行-地方,千葉興業銀行,株式会社千葉興業銀行,ちば興銀 ガン保障付カードローン〈あんしんアップ〉,50,1.6000,14.8000,https://www.chibakogyo-bank.co.jp/,companyType=2
manekai_region_banks,https://manekai.ameba.jp/cardloan/company/region_banks/,https://manekai.ameba.jp/cardloan/chibakogyo-bank/,銀行-地方,千葉興業銀行,,千葉興業銀行 カードローン(リリーフ),,,,,scraped_from_manekai_company_category
existing_provider_candidate,data/cardloan_provider_candidates.csv,,銀行-地方,千葉銀行,,ちばぎんカードローン,,,,,ubersuggest_keyword_export
yahoo_finance_cardloan_item,https://finance.yahoo.co.jp/card-loan/item,https://finance.yahoo.co.jp/card-loan/item/52,銀行-地方,千葉銀行,株式会社千葉銀行,ちばぎんカードローン<プレミアクラス>,52,4.0000,5.5000,https://www.chibabank.co.jp/,companyType=2
yahoo_finance_cardloan_item,https://finance.yahoo.co.jp/card-loan/item,https://finance.yahoo.co.jp/card-loan/item/51,銀行-地方,千葉銀行,株式会社千葉銀行,ちばぎんカードローンクイックパワー<アドバンス>,51,1.4000,14.8000,https://www.chibabank.co.jp/,companyType=2
manekai_region_banks,https://manekai.ameba.jp/cardloan/company/region_banks/,https://manekai.ameba.jp/cardloan/nangin/,銀行-地方,南日本銀行,,南日本銀行カードローン,,,,,scraped_from_manekai_company_category; also_seen=existing_provider_candidate
yahoo_finance_cardloan_item,https://finance.yahoo.co.jp/card-loan/item,https://finance.yahoo.co.jp/card-loan/item/1498,銀行-地方,南都銀行,株式会社南都銀行,南都銀行カードローン,1498,0.9000,14.9500,http://www.nantobank.co.jp/,companyType=2; also_seen=manekai_region_banks; also_seen=existing_provider_candidate
yahoo_finance_cardloan_item,https://finance.yahoo.co.jp/card-loan/item,https://finance.yahoo.co.jp/card-loan/item/268,銀行-地方,名古屋銀行,株式会社名古屋銀行,名古屋銀行カードローン,268,1.8000,13.8000,https://www.meigin.com/,companyType=2; also_seen=existing_provider_candidate
manekai_region_banks,https://manekai.ameba.jp/cardloan/company/region_banks/,https://manekai.ameba.jp/cardloan/shikokubank/,銀行-地方,四国銀行,,四国銀行カードローン,,,,,scraped_from_manekai_company_category; also_seen=existing_provider_candidate
yahoo_finance_cardloan_item,https://finance.yahoo.co.jp/card-loan/item,https://finance.yahoo.co.jp/card-loan/item/1468,銀行-地方,埼玉りそな銀行,株式会社 埼玉りそな銀行,埼玉りそな銀行 りそなプレミアムカードローン,1468,1.4500,13.9000,https://www.saitamaresona.co.jp/,companyType=2
yahoo_finance_cardloan_item,https://finance.yahoo.co.jp/card-loan/item,https://finance.yahoo.co.jp/card-loan/item/65,銀行-地方,大光銀行,株式会社大光銀行,カードローンLUXZO,65,3.8000,14.0000,https://www.taikobank.jp/,companyType=2
manekai_region_banks,https://manekai.ameba.jp/cardloan/company/region_banks/,https://manekai.ameba.jp/cardloan/taikobank/,銀行-地方,大光銀行,,大光銀行「たいこうカードローンEX」,,,,,scraped_from_manekai_company_category
manekai_region_banks,https://manekai.ameba.jp/cardloan/company/region_banks/,https://manekai.ameba.jp/cardloan/oitabank/,銀行-地方,大分銀行,,大分銀行カードローン,,,,,scraped_from_manekai_company_category; also_seen=existing_provider_candidate
yahoo_finance_cardloan_item,https://finance.yahoo.co.jp/card-loan/item,https://finance.yahoo.co.jp/card-loan/item/72,銀行-地方,大分銀行,株式会社大分銀行,大分銀行ハッピーカードローン,72,5.0000,14.5000,https://www.oitabank.co.jp/,companyType=2
manekai_region_banks,https://manekai.ameba.jp/cardloan/company/region_banks/,https://manekai.ameba.jp/cardloan/ogakikyoritsubank/,銀行-地方,大垣共立銀行,,大垣共立銀行カードローン,,,,,scraped_from_manekai_company_category; also_seen=existing_provider_candidate
yahoo_finance_cardloan_item,https://finance.yahoo.co.jp/card-loan/item,https://finance.yahoo.co.jp/card-loan/item/69,銀行-地方,大東銀行,株式会社大東銀行,だいとうカードローン(毎月返済型),69,4.5000,14.0000,https://www.daitobank.co.jp/,companyType=2
manekai_region_banks,https://manekai.ameba.jp/cardloan/company/region_banks/,https://manekai.ameba.jp/cardloan/daitobank/,銀行-地方,大東銀行,,大東銀行カードローン,,,,,scraped_from_manekai_company_category; also_seen=existing_provider_candidate
manekai_region_banks,https://manekai.ameba.jp/cardloan/company/region_banks/,https://manekai.ameba.jp/cardloan/taiyobank/,銀行-地方,宮崎太陽銀行,,宮崎太陽銀行カードローン,,,,,scraped_from_manekai_company_category; also_seen=existing_provider_candidate
yahoo_finance_cardloan_item,https://finance.yahoo.co.jp/card-loan/item,https://finance.yahoo.co.jp/card-loan/item/1492,銀行-地方,宮崎太陽銀行,株式会社宮崎太陽銀行,宮崎太陽銀行のTポイント付カードローン,1492,7.0000,14.6000,https://www.taiyobank.co.jp/,companyType=2
yahoo_finance_cardloan_item,https://finance.yahoo.co.jp/card-loan/item,https://finance.yahoo.co.jp/card-loan/item/1491,銀行-地方,宮崎太陽銀行,株式会社宮崎太陽銀行,宮崎太陽銀行カードローン「おたすけA(エース)」,1491,5.8000,14.5000,https://www.taiyobank.co.jp/,companyType=2
manekai_region_banks,https://manekai.ameba.jp/cardloan/company/region_banks/,https://manekai.ameba.jp/cardloan/miyagin/,銀行-地方,宮崎銀行,,宮崎銀行カードローン,,,,,scraped_from_manekai_company_category; also_seen=existing_provider_candidate
yahoo_finance_cardloan_item,https://finance.yahoo.co.jp/card-loan/item,https://finance.yahoo.co.jp/card-loan/item/280,銀行-地方,富山第一銀行,株式会社富山第一銀行,ファーストバンクのカードローン,280,3.5500,14.5500,https://www.first-bank.co.jp/,companyType=2
existing_provider_candidate,data/cardloan_provider_candidates.csv,,銀行-地方,富山第一銀行,,富山第一銀行カードローン,,,,,manual_provider_candidate
manekai_region_banks,https://manekai.ameba.jp/cardloan/company/region_banks/,https://manekai.ameba.jp/cardloan/first-bank/,銀行-地方,富山第一銀行,,富山第一銀行「ファーストバンクカードローン」,,,,,scraped_from_manekai_company_category
manekai_region_banks,https://manekai.ameba.jp/cardloan/company/region_banks/,https://manekai.ameba.jp/cardloan/toyamabank/,銀行-地方,富山銀行,,富山銀行カードローン,,,,,scraped_from_manekai_company_category; also_seen=existing_provider_candidate
yahoo_finance_cardloan_item,https://finance.yahoo.co.jp/card-loan/item,https://finance.yahoo.co.jp/card-loan/item/205,銀行-地方,山口銀行,株式会社山口銀行,マイカードやまぐち君,205,4.5000,14.5000,https://www.yamaguchibank.co.jp/,companyType=2
manekai_region_banks,https://manekai.ameba.jp/cardloan/company/region_banks/,https://manekai.ameba.jp/cardloan/yamaguchibank/,銀行-地方,山口銀行,,山口銀行カードローン,,,,,scraped_from_manekai_company_category; also_seen=existing_provider_candidate
yahoo_finance_cardloan_item,https://finance.yahoo.co.jp/card-loan/item,https://finance.yahoo.co.jp/card-loan/item/1504,銀行-地方,山口銀行,株式会社山口銀行,山口銀行 ミニカードローン,1504,10.5000,10.5000,https://www.yamaguchibank.co.jp/,companyType=2
manekai_region_banks,https://manekai.ameba.jp/cardloan/company/region_banks/,https://manekai.ameba.jp/cardloan/yamagatabank/,銀行-地方,山形銀行,,山形銀行カードローン,,,,,scraped_from_manekai_company_category; also_seen=existing_provider_candidate
yahoo_finance_cardloan_item,https://finance.yahoo.co.jp/card-loan/item,https://finance.yahoo.co.jp/card-loan/item/308,銀行-地方,山梨中央銀行,株式会社山梨中央銀行,waku waku Smart,308,1.0000,14.5000,https://www.yamanashibank.co.jp/,companyType=2
yahoo_finance_cardloan_item,https://finance.yahoo.co.jp/card-loan/item,https://finance.yahoo.co.jp/card-loan/item/307,銀行-地方,山梨中央銀行,株式会社山梨中央銀行,waku waku エブリ,307,5.0000,13.5000,https://www.yamanashibank.co.jp/,companyType=2
yahoo_finance_cardloan_item,https://finance.yahoo.co.jp/card-loan/item,https://finance.yahoo.co.jp/card-loan/item/305,銀行-地方,山梨中央銀行,株式会社山梨中央銀行,ライフサポートローン,305,4.6250,5.1250,https://www.yamanashibank.co.jp/,companyType=2
manekai_region_banks,https://manekai.ameba.jp/cardloan/company/region_banks/,https://manekai.ameba.jp/cardloan/yamanashibank/,銀行-地方,山梨中央銀行,,山梨中央銀行カードローン,,,,,scraped_from_manekai_company_category; also_seen=existing_provider_candidate
manekai_region_banks,https://manekai.ameba.jp/cardloan/company/region_banks/,https://manekai.ameba.jp/cardloan/gogin/,銀行-地方,山陰合同銀行,,山陰合同銀行カードローン,,,,,scraped_from_manekai_company_category; also_seen=existing_provider_candidate
existing_provider_candidate,data/cardloan_provider_candidates.csv,,銀行-地方,岩手銀行,,岩手銀行カードローン,,,,,ubersuggest_keyword_export
manekai_region_banks,https://manekai.ameba.jp/cardloan/company/region_banks/,https://manekai.ameba.jp/cardloan/iwate/,銀行-地方,岩手銀行,,岩手銀行カードローン(エルパス),,,,,scraped_from_manekai_company_category
manekai_region_banks,https://manekai.ameba.jp/cardloan/company/region_banks/,https://manekai.ameba.jp/cardloan/shimagin/,銀行-地方,島根銀行,,島根銀行カードローン,,,,,scraped_from_manekai_company_category
yahoo_finance_cardloan_item,https://finance.yahoo.co.jp/card-loan/item,https://finance.yahoo.co.jp/card-loan/item/277,銀行-地方,常陽銀行,株式会社常陽銀行,常陽ベストカードプレミア,277,6.3750,11.9000,https://www.joyobank.co.jp/,companyType=2
manekai_region_banks,https://manekai.ameba.jp/cardloan/company/region_banks/,https://manekai.ameba.jp/cardloan/jyoyobank/,銀行-地方,常陽銀行,,常陽銀行カードローン,,,,,scraped_from_manekai_company_category; also_seen=existing_provider_candidate
yahoo_finance_cardloan_item,https://finance.yahoo.co.jp/card-loan/item,https://finance.yahoo.co.jp/card-loan/item/278,銀行-地方,常陽銀行,株式会社常陽銀行,常陽銀行カードローン「キャッシュピット」,278,1.5000,14.8000,https://www.joyobank.co.jp/,companyType=2
manekai_region_banks,https://manekai.ameba.jp/cardloan/company/region_banks/,https://manekai.ameba.jp/cardloan/mlp/,銀行-地方,広島銀行,,広島銀行カードローン,,,,,scraped_from_manekai_company_category; also_seen=existing_provider_candidate
manekai_region_banks,https://manekai.ameba.jp/cardloan/company/region_banks/,https://manekai.ameba.jp/cardloan/taishobank/,銀行-地方,徳島大正銀行SaSaっと,,徳島大正銀行(Web完結型)SaSaっとカードローン,,,,,scraped_from_manekai_company_category
yahoo_finance_cardloan_item,https://finance.yahoo.co.jp/card-loan/item,https://finance.yahoo.co.jp/card-loan/item/1493,銀行-地方,愛媛銀行,株式会社愛媛銀行,ひめぎんアプリカードローン,1493,3.8000,13.8000,https://www.himegin.co.jp/,companyType=2
yahoo_finance_cardloan_item,https://finance.yahoo.co.jp/card-loan/item,https://finance.yahoo.co.jp/card-loan/item/293,銀行-地方,愛媛銀行,株式会社愛媛銀行,ひめぎんカードローン・サポート,293,5.0000,14.6000,https://www.himegin.co.jp/,companyType=2
yahoo_finance_cardloan_item,https://finance.yahoo.co.jp/card-loan/item,https://finance.yahoo.co.jp/card-loan/item/292,銀行-地方,愛媛銀行,株式会社愛媛銀行,ひめぎんクイックカードローン,292,4.4000,14.6000,https://www.himegin.co.jp/,companyType=2
manekai_region_banks,https://manekai.ameba.jp/cardloan/company/region_banks/,https://manekai.ameba.jp/cardloan/himegin/,銀行-地方,愛媛銀行,,愛媛銀行カードローン,,,,,scraped_from_manekai_company_category
manekai_region_banks,https://manekai.ameba.jp/cardloan/company/region_banks/,https://manekai.ameba.jp/cardloan/aichibank/,銀行-地方,愛知銀行,,愛知銀行カードローン,,,,,scraped_from_manekai_company_category; also_seen=existing_provider_candidate
yahoo_finance_cardloan_item,https://finance.yahoo.co.jp/card-loan/item,https://finance.yahoo.co.jp/card-loan/item/18,銀行-地方,東京スター銀行,株式会社東京スター銀行,おまとめローン(スターワン乗り換えローン),18,9.8000,14.6000,https://www.tokyostarbank.co.jp/,companyType=2
yahoo_finance_cardloan_item,https://finance.yahoo.co.jp/card-loan/item,https://finance.yahoo.co.jp/card-loan/item/1472,銀行-地方,東京スター銀行,株式会社東京スター銀行,スターカードローンα,1472,1.5000,14.6000,https://www.tokyostarbank.co.jp/,companyType=2
manekai_region_banks,https://manekai.ameba.jp/cardloan/company/region_banks/,https://manekai.ameba.jp/cardloan/tokyostarbank/,銀行-地方,東京スター銀行,,東京スター銀行カードローン,,,,,scraped_from_manekai_company_category
yahoo_finance_cardloan_item,https://finance.yahoo.co.jp/card-loan/item,https://finance.yahoo.co.jp/card-loan/item/127,銀行-地方,東北銀行,株式会社東北銀行,とうぎんシニアローン,127,5.0000,11.5000,https://www.tohoku-bank.co.jp/,companyType=2
yahoo_finance_cardloan_item,https://finance.yahoo.co.jp/card-loan/item,https://finance.yahoo.co.jp/card-loan/item/1479,銀行-地方,東北銀行,株式会社東北銀行,カードローン「すいっち」,1479,3.9000,13.0000,https://www.tohoku-bank.co.jp/,companyType=2
manekai_region_banks,https://manekai.ameba.jp/cardloan/company/region_banks/,https://manekai.ameba.jp/cardloan/tohoku-bank/,銀行-地方,東北銀行,,東北銀行カードローン,,,,,scraped_from_manekai_company_category; also_seen=existing_provider_candidate
yahoo_finance_cardloan_item,https://finance.yahoo.co.jp/card-loan/item,https://finance.yahoo.co.jp/card-loan/item/133,銀行-地方,東和銀行,株式会社東和銀行,スピード王MAX,133,12.0000,14.6000,https://www.towabank.co.jp/,companyType=2
manekai_region_banks,https://manekai.ameba.jp/cardloan/company/region_banks/,https://manekai.ameba.jp/cardloan/towabank/,銀行-地方,東和銀行,,東和銀行カードローン,,,,,scraped_from_manekai_company_category
yahoo_finance_cardloan_item,https://finance.yahoo.co.jp/card-loan/item,https://finance.yahoo.co.jp/card-loan/item/1482,銀行-地方,東日本銀行,株式会社東日本銀行,BIZポケット,1482,7.5000,13.5000,https://www.higashi-nipponbank.co.jp/,companyType=2
yahoo_finance_cardloan_item,https://finance.yahoo.co.jp/card-loan/item,https://finance.yahoo.co.jp/card-loan/item/119,銀行-地方,東日本銀行,株式会社東日本銀行,ゆあポケットII,119,2.9000,14.5000,https://www.higashi-nipponbank.co.jp/,companyType=2
yahoo_finance_cardloan_item,https://finance.yahoo.co.jp/card-loan/item,https://finance.yahoo.co.jp/card-loan/item/1481,銀行-地方,東日本銀行,株式会社東日本銀行,ホームカードII【Web完結型】,1481,7.6250,7.6250,https://www.higashi-nipponbank.co.jp/,companyType=2
yahoo_finance_cardloan_item,https://finance.yahoo.co.jp/card-loan/item,https://finance.yahoo.co.jp/card-loan/item/118,銀行-地方,東日本銀行,株式会社東日本銀行,東日本銀行 スーパーローン【Web完結型】,118,3.0000,14.0000,https://www.higashi-nipponbank.co.jp/,companyType=2
manekai_region_banks,https://manekai.ameba.jp/cardloan/company/region_banks/,https://manekai.ameba.jp/cardloan/higashi-nipponbank/,銀行-地方,東日本銀行,,東日本銀行カードローン「ゆあポケットII」,,,,,scraped_from_manekai_company_category
manekai_region_banks,https://manekai.ameba.jp/cardloan/company/region_banks/,https://manekai.ameba.jp/cardloan/tohobank/,銀行-地方,東邦銀行,,東邦銀行カードローン,,,,,scraped_from_manekai_company_category; also_seen=existing_provider_candidate
yahoo_finance_cardloan_item,https://finance.yahoo.co.jp/card-loan/item,https://finance.yahoo.co.jp/card-loan/item/143,銀行-地方,栃木銀行,株式会社栃木銀行,とちぎんスマイルカードローン,143,6.8000,14.6000,https://www.tochigibank.co.jp/,companyType=2
manekai_region_banks,https://manekai.ameba.jp/cardloan/company/region_banks/,https://manekai.ameba.jp/cardloan/tochigibank/,銀行-地方,栃木銀行,,栃木銀行カードローン,,,,,scraped_from_manekai_company_category
yahoo_finance_cardloan_item,https://finance.yahoo.co.jp/card-loan/item,https://finance.yahoo.co.jp/card-loan/item/330,銀行-地方,横浜銀行,株式会社横浜銀行,横浜銀行カードローン,330,1.5000,14.6000,https://www.boy.co.jp/,companyType=2; also_seen=manekai_region_banks; also_seen=existing_provider_candidate
existing_provider_candidate,data/cardloan_provider_candidates.csv,,銀行-地方,武蔵野銀行,,むさしのスマートネクスト,,,,,ubersuggest_keyword_export
yahoo_finance_cardloan_item,https://finance.yahoo.co.jp/card-loan/item,https://finance.yahoo.co.jp/card-loan/item/225,銀行-地方,武蔵野銀行,株式会社武蔵野銀行,カードローン むさしのスマートネクスト,225,1.4000,14.8000,https://www.musashinobank.co.jp/,companyType=2
manekai_region_banks,https://manekai.ameba.jp/cardloan/company/region_banks/,https://manekai.ameba.jp/cardloan/musashinobank/,銀行-地方,武蔵野銀行,,武蔵野銀行カードローン,,,,,scraped_from_manekai_company_category
yahoo_finance_cardloan_item,https://finance.yahoo.co.jp/card-loan/item,https://finance.yahoo.co.jp/card-loan/item/83,銀行-地方,池田泉州銀行,株式会社池田泉州銀行,マックスファイブ,83,6.6000,6.6000,http://www.sihd-bk.jp/,companyType=2
manekai_region_banks,https://manekai.ameba.jp/cardloan/company/region_banks/,https://manekai.ameba.jp/cardloan/sihd-bank/,銀行-地方,池田泉州銀行,,池田泉州銀行カードローン,,,,,scraped_from_manekai_company_category; also_seen=existing_provider_candidate
yahoo_finance_cardloan_item,https://finance.yahoo.co.jp/card-loan/item,https://finance.yahoo.co.jp/card-loan/item/82,銀行-地方,池田泉州銀行,株式会社池田泉州銀行,池田泉州銀行 カードローン(キャッシュカード一体型),82,14.5000,14.5000,http://www.sihd-bk.jp/,companyType=2
yahoo_finance_cardloan_item,https://finance.yahoo.co.jp/card-loan/item,https://finance.yahoo.co.jp/card-loan/item/1478,銀行-地方,沖縄海邦銀行,株式会社沖縄海邦銀行,ハッピーカードローンPremium,1478,3.8000,13.5000,https://www.kaiho-bank.co.jp/,companyType=2
yahoo_finance_cardloan_item,https://finance.yahoo.co.jp/card-loan/item,https://finance.yahoo.co.jp/card-loan/item/1477,銀行-地方,沖縄海邦銀行,株式会社沖縄海邦銀行,ハッピーカードローンSmart,1477,13.5000,13.5000,https://www.kaiho-bank.co.jp/,companyType=2
existing_provider_candidate,data/cardloan_provider_candidates.csv,,銀行-地方,沖縄海邦銀行,,沖縄海邦銀行カードローン,,,,,manual_provider_candidate
yahoo_finance_cardloan_item,https://finance.yahoo.co.jp/card-loan/item,https://finance.yahoo.co.jp/card-loan/item/1502,銀行-地方,沖縄海邦銀行,株式会社沖縄海邦銀行,沖縄海邦銀行ハッピーカードローン,1502,5.0000,13.5000,https://www.kaiho-bank.co.jp/,companyType=2
yahoo_finance_cardloan_item,https://finance.yahoo.co.jp/card-loan/item,https://finance.yahoo.co.jp/card-loan/item/328,銀行-地方,沖縄銀行,株式会社沖縄銀行,カトレアカードローン,328,9.9500,9.9500,https://www.okinawa-bank.co.jp/,companyType=2
yahoo_finance_cardloan_item,https://finance.yahoo.co.jp/card-loan/item,https://finance.yahoo.co.jp/card-loan/item/326,銀行-地方,沖縄銀行,株式会社沖縄銀行,カードローンチェキット,326,4.2500,14.6000,https://www.okinawa-bank.co.jp/,companyType=2
yahoo_finance_cardloan_item,https://finance.yahoo.co.jp/card-loan/item,https://finance.yahoo.co.jp/card-loan/item/327,銀行-地方,沖縄銀行,株式会社沖縄銀行,タイムリーローン,327,9.9500,9.9500,https://www.okinawa-bank.co.jp/,companyType=2
manekai_region_banks,https://manekai.ameba.jp/cardloan/company/region_banks/,https://manekai.ameba.jp/cardloan/okinawa-bank/,銀行-地方,沖縄銀行,,沖縄銀行カードローン,,,,,scraped_from_manekai_company_category; also_seen=existing_provider_candidate
yahoo_finance_cardloan_item,https://finance.yahoo.co.jp/card-loan/item,https://finance.yahoo.co.jp/card-loan/item/28,銀行-地方,清水銀行,株式会社清水銀行,しみずスピードカードローン,28,14.9000,14.9000,https://www.shimizubank.co.jp/,companyType=2
yahoo_finance_cardloan_item,https://finance.yahoo.co.jp/card-loan/item,https://finance.yahoo.co.jp/card-loan/item/23,銀行-地方,清水銀行,株式会社清水銀行,しみずピアカードローン,23,2.8000,9.8000,https://www.shimizubank.co.jp/,companyType=2
manekai_region_banks,https://manekai.ameba.jp/cardloan/company/region_banks/,https://manekai.ameba.jp/cardloan/shimizubank/,銀行-地方,清水銀行,,清水銀行カードローン,,,,,scraped_from_manekai_company_category; also_seen=existing_provider_candidate
existing_provider_candidate,data/cardloan_provider_candidates.csv,,銀行-地方,滋賀銀行,,滋賀銀行カードローン,,,,,ubersuggest_keyword_export
manekai_region_banks,https://manekai.ameba.jp/cardloan/company/region_banks/,https://manekai.ameba.jp/cardloan/shigagin/,銀行-地方,滋賀銀行S,,滋賀銀行Sカードローン(サットキャッシュ),,,,,scraped_from_manekai_company_category
manekai_region_banks,https://manekai.ameba.jp/cardloan/company/region_banks/,https://manekai.ameba.jp/cardloan/kumamotobank/,銀行-地方,熊本銀行,,熊本銀行カードローン,,,,,scraped_from_manekai_company_category; also_seen=existing_provider_candidate
yahoo_finance_cardloan_item,https://finance.yahoo.co.jp/card-loan/item,https://finance.yahoo.co.jp/card-loan/item/269,銀行-地方,琉球銀行,株式会社 琉球銀行,しあわせのカードローン,269,4.5000,13.0000,https://www.ryugin.co.jp/,companyType=2
manekai_region_banks,https://manekai.ameba.jp/cardloan/company/region_banks/,https://manekai.ameba.jp/cardloan/ryugin/,銀行-地方,琉球銀行,,琉球銀行カードローン,,,,,scraped_from_manekai_company_category; also_seen=existing_provider_candidate
manekai_region_banks,https://manekai.ameba.jp/cardloan/company/region_banks/,https://manekai.ameba.jp/cardloan/hyakugo/,銀行-地方,百五銀行,,百五銀行カードローン,,,,,scraped_from_manekai_company_category; also_seen=existing_provider_candidate
yahoo_finance_cardloan_item,https://finance.yahoo.co.jp/card-loan/item,https://finance.yahoo.co.jp/card-loan/item/1465,銀行-地方,百五銀行,株式会社 百五銀行,百五銀行カードローン「DREAM」,1465,1.8000,14.7000,https://www.hyakugo.co.jp/,companyType=2
yahoo_finance_cardloan_item,https://finance.yahoo.co.jp/card-loan/item,https://finance.yahoo.co.jp/card-loan/item/215,銀行-地方,百十四銀行,株式会社百十四銀行,114ニューカードローン,215,5.0000,12.0000,https://www.114bank.co.jp/,companyType=2
manekai_region_banks,https://manekai.ameba.jp/cardloan/company/region_banks/,https://manekai.ameba.jp/cardloan/114bank/,銀行-地方,百十四銀行,,百十四銀行カードローン,,,,,scraped_from_manekai_company_category; also_seen=existing_provider_candidate
yahoo_finance_cardloan_item,https://finance.yahoo.co.jp/card-loan/item,https://finance.yahoo.co.jp/card-loan/item/1461,銀行-地方,神奈川銀行,株式会社神奈川銀行,かなぎんスーパーローン,1461,3.5000,14.6000,https://www.kanagawabank.co.jp/,companyType=2
yahoo_finance_cardloan_item,https://finance.yahoo.co.jp/card-loan/item,https://finance.yahoo.co.jp/card-loan/item/1459,銀行-地方,神奈川銀行,株式会社神奈川銀行,かなぎんプレミアムローン,1459,3.4000,14.4000,https://www.kanagawabank.co.jp/,companyType=2
yahoo_finance_cardloan_item,https://finance.yahoo.co.jp/card-loan/item,https://finance.yahoo.co.jp/card-loan/item/1506,銀行-地方,福井銀行,株式会社福井銀行,福井銀行カードローン,1506,2.8000,14.6000,https://www.fukuibank.co.jp/,companyType=2; also_seen=manekai_region_banks; also_seen=existing_provider_candidate
yahoo_finance_cardloan_item,https://finance.yahoo.co.jp/card-loan/item,https://finance.yahoo.co.jp/card-loan/item/1483,銀行-地方,福岡中央銀行,株式会社福岡中央銀行,Nice Support 50(ナイスサポート50),1483,9.8000,9.8000,https://www.fukuokachuo-bank.co.jp/,companyType=2
yahoo_finance_cardloan_item,https://finance.yahoo.co.jp/card-loan/item,https://finance.yahoo.co.jp/card-loan/item/230,銀行-地方,福岡中央銀行,株式会社福岡中央銀行,The Prime,230,5.5000,14.5000,https://www.fukuokachuo-bank.co.jp/,companyType=2
manekai_region_banks,https://manekai.ameba.jp/cardloan/company/region_banks/,https://manekai.ameba.jp/cardloan/fukuokachuo-bank/,銀行-地方,福岡中央銀行”カードローンザ・プライム ”,,福岡中央銀行”カードローンザ・プライム ”,,,,,scraped_from_manekai_company_category
yahoo_finance_cardloan_item,https://finance.yahoo.co.jp/card-loan/item,https://finance.yahoo.co.jp/card-loan/item/227,銀行-地方,福岡銀行,株式会社福岡銀行,カードローンTHE FIRST,227,3.0000,8.0000,https://www.fukuokabank.co.jp/,companyType=2
manekai_region_banks,https://manekai.ameba.jp/cardloan/company/region_banks/,https://manekai.ameba.jp/cardloan/fukuokabank/,銀行-地方,福岡銀行,,福岡銀行カードローン,,,,,scraped_from_manekai_company_category; also_seen=existing_provider_candidate
yahoo_finance_cardloan_item,https://finance.yahoo.co.jp/card-loan/item,https://finance.yahoo.co.jp/card-loan/item/1500,銀行-地方,福島銀行,株式会社福島銀行,ふくぎんカードローン,1500,3.8000,13.8000,https://www.fukushimabank.co.jp/,companyType=2
manekai_region_banks,https://manekai.ameba.jp/cardloan/company/region_banks/,https://manekai.ameba.jp/cardloan/fukushimabank/,銀行-地方,福島銀行,,福島銀行カードローン,,,,,scraped_from_manekai_company_category
manekai_region_banks,https://manekai.ameba.jp/cardloan/company/region_banks/,https://manekai.ameba.jp/cardloan/fukuho/,銀行-地方,福邦銀行,,福邦銀行カードローン,,,,,scraped_from_manekai_company_category
yahoo_finance_cardloan_item,https://finance.yahoo.co.jp/card-loan/item,https://finance.yahoo.co.jp/card-loan/item/313,銀行-地方,秋田銀行,株式会社秋田銀行,<あきぎん>プライムカード,313,5.0000,9.8000,https://www.akita-bank.co.jp/,companyType=2
manekai_region_banks,https://manekai.ameba.jp/cardloan/company/region_banks/,https://manekai.ameba.jp/cardloan/akita-bank/,銀行-地方,秋田銀行,,秋田銀行カードローン,,,,,scraped_from_manekai_company_category; also_seen=existing_provider_candidate
yahoo_finance_cardloan_item,https://finance.yahoo.co.jp/card-loan/item,https://finance.yahoo.co.jp/card-loan/item/314,銀行-地方,秋田銀行,株式会社秋田銀行,秋田銀行カードローン<あきぎん>スマートネクスト,314,1.8000,14.8000,https://www.akita-bank.co.jp/,companyType=2
manekai_region_banks,https://manekai.ameba.jp/cardloan/company/region_banks/,https://manekai.ameba.jp/cardloan/daisanbank/,銀行-地方,第三銀行,,第三銀行カードローン,,,,,scraped_from_manekai_company_category
yahoo_finance_cardloan_item,https://finance.yahoo.co.jp/card-loan/item,https://finance.yahoo.co.jp/card-loan/item/1488,銀行-地方,第四北越銀行,株式会社第四北越銀行,ASCA(アスカ),1488,1.5000,14.8000,https://www.dhbk.co.jp/,companyType=2
existing_provider_candidate,data/cardloan_provider_candidates.csv,,銀行-地方,第四北越銀行,,第四北越銀行カードローン,,,,,ubersuggest_keyword_export
manekai_region_banks,https://manekai.ameba.jp/cardloan/company/region_banks/,https://manekai.ameba.jp/cardloan/daishi-bank/,銀行-地方,第四銀行,,第四銀行カードローン,,,,,scraped_from_manekai_company_category
manekai_region_banks,https://manekai.ameba.jp/cardloan/company/region_banks/,https://manekai.ameba.jp/cardloan/tsukubabank/,銀行-地方,筑波銀行,,筑波銀行カードローン,,,,,scraped_from_manekai_company_category; also_seen=existing_provider_candidate
yahoo_finance_cardloan_item,https://finance.yahoo.co.jp/card-loan/item,https://finance.yahoo.co.jp/card-loan/item/87,銀行-地方,筑邦銀行,株式会社筑邦銀行,ちくぎんミニカードローン,87,13.0000,13.0000,https://www.chikugin.co.jp/,companyType=2
yahoo_finance_cardloan_item,https://finance.yahoo.co.jp/card-loan/item,https://finance.yahoo.co.jp/card-loan/item/89,銀行-地方,筑邦銀行,株式会社筑邦銀行,筑邦銀行カードローン,89,3.9000,13.9500,https://www.chikugin.co.jp/,companyType=2; also_seen=manekai_region_banks
manekai_region_banks,https://manekai.ameba.jp/cardloan/company/region_banks/,https://manekai.ameba.jp/cardloan/kiyobank/,銀行-地方,紀陽銀行,,紀陽銀行カードローン,,,,,scraped_from_manekai_company_category; also_seen=existing_provider_candidate
yahoo_finance_cardloan_item,https://finance.yahoo.co.jp/card-loan/item,https://finance.yahoo.co.jp/card-loan/item/1458,銀行-地方,紀陽銀行,株式会社紀陽銀行,紀陽銀行カードローンプラス,1458,4.4500,14.9000,https://www.kiyobank.co.jp/,companyType=2
yahoo_finance_cardloan_item,https://finance.yahoo.co.jp/card-loan/item,https://finance.yahoo.co.jp/card-loan/item/318,銀行-地方,群馬銀行,株式会社群馬銀行,ナイスサポートカード+,318,1.5000,14.5000,https://www.gunmabank.co.jp/,companyType=2
manekai_region_banks,https://manekai.ameba.jp/cardloan/company/region_banks/,https://manekai.ameba.jp/cardloan/gunmabank/,銀行-地方,群馬銀行,,群馬銀行カードローン,,,,,scraped_from_manekai_company_category; also_seen=existing_provider_candidate
yahoo_finance_cardloan_item,https://finance.yahoo.co.jp/card-loan/item,https://finance.yahoo.co.jp/card-loan/item/210,銀行-地方,肥後銀行,株式会社肥後銀行,BEST ASSIST,210,6.0500,7.8000,https://www.higobank.co.jp/,companyType=2
yahoo_finance_cardloan_item,https://finance.yahoo.co.jp/card-loan/item,https://finance.yahoo.co.jp/card-loan/item/213,銀行-地方,肥後銀行,株式会社肥後銀行,カードローン Back Up,213,12.5000,14.0000,https://www.higobank.co.jp/,companyType=2
manekai_region_banks,https://manekai.ameba.jp/cardloan/company/region_banks/,https://manekai.ameba.jp/cardloan/higobank/,銀行-地方,肥後銀行,,肥後銀行カードローン,,,,,scraped_from_manekai_company_category; also_seen=existing_provider_candidate
yahoo_finance_cardloan_item,https://finance.yahoo.co.jp/card-loan/item,https://finance.yahoo.co.jp/card-loan/item/212,銀行-地方,肥後銀行,株式会社肥後銀行,肥後銀行 WEBカードローン,212,1.9000,14.0000,https://www.higobank.co.jp/,companyType=2
yahoo_finance_cardloan_item,https://finance.yahoo.co.jp/card-loan/item,https://finance.yahoo.co.jp/card-loan/item/1480,銀行-地方,荘内銀行,株式会社荘内銀行,ドリームコンシェル カードローンプラン,1480,14.6000,14.6000,http://www.shonai.co.jp/,companyType=2
existing_provider_candidate,data/cardloan_provider_candidates.csv,,銀行-地方,荘内銀行,,荘内銀行カードローン,,,,,ubersuggest_keyword_export
yahoo_finance_cardloan_item,https://finance.yahoo.co.jp/card-loan/item,https://finance.yahoo.co.jp/card-loan/item/59,銀行-地方,荘内銀行,株式会社荘内銀行,荘内銀行カードローン1000,59,3.5000,13.5000,http://www.shonai.co.jp/,companyType=2
manekai_region_banks,https://manekai.ameba.jp/cardloan/company/region_banks/,https://manekai.ameba.jp/cardloan/saikyobank/,銀行-地方,西京銀行,,西京銀行カードローン,,,,,scraped_from_manekai_company_category
yahoo_finance_cardloan_item,https://finance.yahoo.co.jp/card-loan/item,https://finance.yahoo.co.jp/card-loan/item/324,銀行-地方,西日本シティ銀行,株式会社西日本シティ銀行,NCB カードローンVCLASS,324,3.6500,7.7500,https://www.ncbank.co.jp/,companyType=2
yahoo_finance_cardloan_item,https://finance.yahoo.co.jp/card-loan/item,https://finance.yahoo.co.jp/card-loan/item/38,銀行-地方,西日本シティ銀行,株式会社西日本シティ銀行,西日本シティ銀行カードローン,38,0.9500,14.5000,https://www.ncbank.co.jp/,companyType=2; also_seen=manekai_region_banks; also_seen=existing_provider_candidate
manekai_region_banks,https://manekai.ameba.jp/cardloan/company/region_banks/,https://manekai.ameba.jp/cardloan/howabank/,銀行-地方,豊和銀行,,豊和銀行「ほうわSmartカードローン」,,,,,scraped_from_manekai_company_category
manekai_region_banks,https://manekai.ameba.jp/cardloan/company/region_banks/,https://manekai.ameba.jp/cardloan/ashikagabank/,銀行-地方,足利銀行,,あしぎんカードローン,,,,,scraped_from_manekai_company_category; also_seen=existing_provider_candidate
yahoo_finance_cardloan_item,https://finance.yahoo.co.jp/card-loan/item,https://finance.yahoo.co.jp/card-loan/item/1476,銀行-地方,足利銀行,株式会社足利銀行,足利銀行カードローン<モシカ>,1476,1.5000,14.8000,https://www.ashikagabank.co.jp/,companyType=2
yahoo_finance_cardloan_item,https://finance.yahoo.co.jp/card-loan/item,https://finance.yahoo.co.jp/card-loan/item/95,銀行-地方,長崎銀行,株式会社長崎銀行,V‐CLASS(カードローン),95,7.5000,11.5000,https://www.nagasakibank.co.jp/,companyType=2
yahoo_finance_cardloan_item,https://finance.yahoo.co.jp/card-loan/item,https://finance.yahoo.co.jp/card-loan/item/99,銀行-地方,長崎銀行,株式会社長崎銀行,プレミアA(エース),99,2.8000,14.9500,https://www.nagasakibank.co.jp/,companyType=2
yahoo_finance_cardloan_item,https://finance.yahoo.co.jp/card-loan/item,https://finance.yahoo.co.jp/card-loan/item/98,銀行-地方,長崎銀行,株式会社長崎銀行,マイ・ファースト,98,14.9500,14.9500,https://www.nagasakibank.co.jp/,companyType=2
manekai_region_banks,https://manekai.ameba.jp/cardloan/company/region_banks/,https://manekai.ameba.jp/cardloan/naganobank/,銀行-地方,長野銀行,,長野銀行カードローン,,,,,scraped_from_manekai_company_category; also_seen=existing_provider_candidate
manekai_region_banks,https://manekai.ameba.jp/cardloan/company/region_banks/,https://manekai.ameba.jp/cardloan/nagasakibank/,銀行-地方,長﨑銀行,,長﨑銀行カードローン,,,,,scraped_from_manekai_company_category
existing_provider_candidate,data/cardloan_provider_candidates.csv,,銀行-地方,関西みらい銀行,,関西みらい銀行カードローン,,,,,ubersuggest_keyword_export
yahoo_finance_cardloan_item,https://finance.yahoo.co.jp/card-loan/item,https://finance.yahoo.co.jp/card-loan/item/290,銀行-地方,阿波銀行,株式会社阿波銀行,あわぎんスマートネクスト,290,1.7000,14.8000,http://www.awabank.co.jp/,companyType=2
manekai_region_banks,https://manekai.ameba.jp/cardloan/company/region_banks/,https://manekai.ameba.jp/cardloan/awabank/,銀行-地方,阿波銀行,,阿波銀行カードローン,,,,,scraped_from_manekai_company_category; also_seen=existing_provider_candidate
yahoo_finance_cardloan_item,https://finance.yahoo.co.jp/card-loan/item,https://finance.yahoo.co.jp/card-loan/item/1505,銀行-地方,青森みちのく銀行,株式会社青森みちのく銀行,青森みちのくカードローン,1505,2.4000,14.5000,https://www.am-bk.co.jp/,companyType=2
existing_provider_candidate,data/cardloan_provider_candidates.csv,,銀行-地方,青森みちのく銀行,,青森みちのく銀行カードローン,,,,,ubersuggest_keyword_export
manekai_region_banks,https://manekai.ameba.jp/cardloan/company/region_banks/,https://manekai.ameba.jp/cardloan/a-bank/,銀行-地方,青森銀行,,青森銀行カードローン,,,,,scraped_from_manekai_company_category; also_seen=existing_provider_candidate
yahoo_finance_cardloan_item,https://finance.yahoo.co.jp/card-loan/item,https://finance.yahoo.co.jp/card-loan/item/47,銀行-地方,静岡中央銀行,株式会社静岡中央銀行,CSカードローン,47,3.5000,14.6000,https://www.shizuokachuo-bank.co.jp/,companyType=2
yahoo_finance_cardloan_item,https://finance.yahoo.co.jp/card-loan/item,https://finance.yahoo.co.jp/card-loan/item/46,銀行-地方,静岡中央銀行,株式会社静岡中央銀行,しずちゅう おまとめローン,46,4.0000,14.5000,https://www.shizuokachuo-bank.co.jp/,companyType=2
manekai_region_banks,https://manekai.ameba.jp/cardloan/company/region_banks/,https://manekai.ameba.jp/cardloan/shizuchu/,銀行-地方,静岡中央銀行,,静岡中央銀行カードローン,,,,,scraped_from_manekai_company_category
existing_provider_candidate,data/cardloan_provider_candidates.csv,,銀行-地方,静岡銀行,,しずぎんカードローン,,,,,ubersuggest_keyword_export
yahoo_finance_cardloan_item,https://finance.yahoo.co.jp/card-loan/item,https://finance.yahoo.co.jp/card-loan/item/43,銀行-地方,静岡銀行,株式会社静岡銀行,ミープラス,43,14.5000,14.5000,https://www.shizuokabank.co.jp/,companyType=2
manekai_region_banks,https://manekai.ameba.jp/cardloan/company/region_banks/,https://manekai.ameba.jp/cardloan/shizuokabank/,銀行-地方,静岡銀行,,静岡銀行カードローン,,,,,scraped_from_manekai_company_category
yahoo_finance_cardloan_item,https://finance.yahoo.co.jp/card-loan/item,https://finance.yahoo.co.jp/card-loan/item/42,銀行-地方,静岡銀行,株式会社静岡銀行,静岡銀行カードローン セレカ,42,1.5000,14.5000,https://www.shizuokabank.co.jp/,companyType=2
manekai_region_banks,https://manekai.ameba.jp/cardloan/company/region_banks/,https://manekai.ameba.jp/cardloan/kagawabank/,銀行-地方,香川銀行,,香川銀行カードローン,,,,,scraped_from_manekai_company_category
yahoo_finance_cardloan_item,https://finance.yahoo.co.jp/card-loan/item,https://finance.yahoo.co.jp/card-loan/item/1449,銀行-地方,高知銀行,株式会社高知銀行,こうぎん はちきんカードローン,1449,4.2000,12.7000,http://www.kochi-bank.co.jp/,companyType=2
yahoo_finance_cardloan_item,https://finance.yahoo.co.jp/card-loan/item,https://finance.yahoo.co.jp/card-loan/item/1452,銀行-地方,高知銀行,株式会社高知銀行,こうぎん はちきんカードローン【web完結版】,1452,4.2000,12.7000,http://www.kochi-bank.co.jp/,companyType=2
yahoo_finance_cardloan_item,https://finance.yahoo.co.jp/card-loan/item,https://finance.yahoo.co.jp/card-loan/item/1456,銀行-地方,高知銀行,株式会社高知銀行,こうぎんカードローン(随時返済型・定額返済型),1456,11.0000,12.5000,http://www.kochi-bank.co.jp/,companyType=2
yahoo_finance_cardloan_item,https://finance.yahoo.co.jp/card-loan/item,https://finance.yahoo.co.jp/card-loan/item/1450,銀行-地方,高知銀行,株式会社高知銀行,こうぎんカードローンモア・プラス,1450,4.5000,13.0000,http://www.kochi-bank.co.jp/,companyType=2
yahoo_finance_cardloan_item,https://finance.yahoo.co.jp/card-loan/item,https://finance.yahoo.co.jp/card-loan/item/1451,銀行-地方,高知銀行,株式会社高知銀行,こうぎんカードローンモア・プラス【web完結版】,1451,4.5000,13.0000,http://www.kochi-bank.co.jp/,companyType=2
manekai_region_banks,https://manekai.ameba.jp/cardloan/company/region_banks/,https://manekai.ameba.jp/cardloan/kochi-bank/,銀行-地方,高知銀行,,高知銀行カードローン,,,,,scraped_from_manekai_company_category
yahoo_finance_cardloan_item,https://finance.yahoo.co.jp/card-loan/item,https://finance.yahoo.co.jp/card-loan/item/105,銀行-地方,鳥取銀行,株式会社鳥取銀行,多目的ローン「わたしいろ」,105,4.1500,5.6500,http://www.tottoribank.co.jp/,companyType=2
yahoo_finance_cardloan_item,https://finance.yahoo.co.jp/card-loan/item,https://finance.yahoo.co.jp/card-loan/item/107,銀行-地方,鳥取銀行,株式会社鳥取銀行,鳥取銀行カードローン,107,1.8000,14.5000,http://www.tottoribank.co.jp/,companyType=2; also_seen=manekai_region_banks; also_seen=existing_provider_candidate
yahoo_finance_cardloan_item,https://finance.yahoo.co.jp/card-loan/item,https://finance.yahoo.co.jp/card-loan/item/309,銀行-地方,鹿児島銀行,株式会社鹿児島銀行,かぎんカードローンS(エス)(返済用口座引落型),309,0.9000,14.8000,https://www.kagin.co.jp/,companyType=2
manekai_region_banks,https://manekai.ameba.jp/cardloan/company/region_banks/,https://manekai.ameba.jp/cardloan/kagin/,銀行-地方,鹿児島銀行,,鹿児島銀行カードローン,,,,,scraped_from_manekai_company_category; also_seen=existing_provider_candidate
