keyword,volume,cpc,cpc_dollars,sd,pd,competition,intent,updated_at,source_seed,source,page,previous_key,next_key,has_metrics
カードローン 支払い回数変更,,,,,,,,,カードローン,match_keywords,9,7998,8998,False
カードローン 支払日,,,,,,,,,カードローン,match_keywords_limit100_-searchVolume,7,6198,6398,False
カードローン 旦那に内緒 ブログ,,,,,,,,,カードローン,match_keywords,7,5998,6998,False
カードローン 時効 条件,,,,,,,,,カードローン,match_keywords,10,8998,,False
カードローン 更新できない,,,,,,,,,カードローン,match_keywords,10,8998,,False
カードローン 最終手段,,,,,,,,,カードローン,match_keywords,6,4998,5998,False
カードローン 月々いくら,,,,,,,,,カードローン,match_keywords,9,7998,8998,False
カードローン 月利,,,,,,,,,カードローン,match_keywords,10,8998,,False
カードローン 本人確認なし,,,,,,,,,カードローン,match_keywords_limit100,15,2798,2998,False
カードローン 本人確認書類,,,,,,,,,カードローン,match_keywords,5,3998,4998,False
カードローン 本審査とは,,,,,,,,,カードローン,match_keywords,10,8998,,False
カードローン 枠だけ,,,,,,,,,カードローン,match_keywords,4,2998,3998,False
カードローン 案内ハガキ なぜ,,,,,,,,,カードローン,match_keywords,10,8998,,False
カードローン 楽天 知恵袋,,,,,,,,,カードローン,match_keywords,9,7998,8998,False
カードローン 横浜銀行 審査,,,,,,,,,カードローン,match_keywords,9,7998,8998,False
カードローン 正しい使い方,,,,,,,,,カードローン,match_keywords,9,7998,8998,False
カードローン 死亡 免除,,,,,,,,,カードローン,match_keywords_limit300,5,2398,2998,False
カードローン 死亡 手続き,,,,,,,,,カードローン,match_keywords,6,4998,5998,False
カードローン 死亡したら,,,,,,,,,カードローン,match_keywords_limit300,10,5398,5998,False
カードローン 死亡した場合,,,,,,,,,カードローン,match_keywords,4,2998,3998,False
カードローン 比較 おすすめ,,,,,,,,,カードローン,match_keywords,6,4998,5998,False
カードローン 比較 審査,,,,,,,,,カードローン,match_keywords,6,4998,5998,False
カードローン 比較 銀行系,,,,,,,,,カードローン,match_keywords,5,3998,4998,False
カードローン 気をつけること,,,,,,,,,カードローン,match_keywords,10,8998,,False
カードローン 法的措置,,,,,,,,,カードローン,match_keywords,9,7998,8998,False
カードローン 消費者ローン,,,,,,,,,カードローン,match_keywords,6,4998,5998,False
カードローン 消費者金融 信用情報,,,,,,,,,カードローン,match_keywords,9,7998,8998,False
カードローン 減税,,,,,,,,,カードローン,match_keywords,9,7998,8998,False
カードローン 源泉徴収,,,,,,,,,カードローン,match_keywords,5,3998,4998,False
カードローン 滋賀銀行,,,,,,,,,カードローン,match_keywords_limit300,2,598,1198,False
カードローン 無利子,,,,,,,,,カードローン,match_keywords,5,3998,4998,False
カードローン 無利息 キャンペーン,,,,,,,,,カードローン,match_keywords,4,2998,3998,False
カードローン 無金利,,,,,,,,,カードローン,match_keywords_limit100_-searchVolume,8,4398,4598,False
カードローン 無金利キャンペーン,,,,,,,,,カードローン,match_keywords,8,6998,7998,False
カードローン 生活保護 ばれる,,,,,,,,,カードローン,match_keywords,9,7998,8998,False
カードローン 生活保護 返済,,,,,,,,,カードローン,match_keywords,10,8998,,False
カードローン 用途,,,,,,,,,カードローン,match_keywords_limit300,9,4798,5398,False
カードローン 申し込まない,,,,,,,,,カードローン,match_keywords,10,8998,,False
カードローン 申し込み キャンセル,,,,,,,,,カードローン,match_keywords,4,2998,3998,False
カードローン 申し込み 取り消し,,,,,,,,,カードローン,match_keywords,6,4998,5998,False
カードローン 申し込み 年収,,,,,,,,,カードローン,match_keywords,9,7998,8998,False
カードローン 申し込みすぎ,,,,,,,,,カードローン,match_keywords,9,7998,8998,False
カードローン 申し込みキャンセル,,,,,,,,,カードローン,match_keywords_limit300,7,3598,4198,False
カードローン 申し込み理由,,,,,,,,,カードローン,match_keywords,9,7998,8998,False
カードローン 申し込むだけ,,,,,,,,,カードローン,match_keywords,9,7998,8998,False
カードローン 申込み,,,,,,,,,カードローン,match_keywords_limit50_-searchVolume,13,1498,1598,False
カードローン 破滅,,,,,,,,,カードローン,match_keywords,9,7998,8998,False
カードローン 福銀 返済,,,,,,,,,カードローン,match_keywords,9,7998,8998,False
カードローン 秋田銀行,,,,,,,,,カードローン,match_keywords_limit100,11,1998,2198,False
カードローン 窓口で借りる,,,,,,,,,カードローン,match_keywords,10,8998,,False
カードローン 簡易書留,,,,,,,,,カードローン,match_keywords,9,7998,8998,False
カードローン 経験,,,,,,,,,カードローン,match_keywords,9,7998,8998,False
カードローン 結婚した場合,,,,,,,,,カードローン,match_keywords,9,7998,8998,False
カードローン 絶対通る,,,,,,,,,カードローン,match_keywords_limit50_-searchVolume,17,1898,1998,False
カードローン 総量規制,,,,,,,,,カードローン,match_keywords_limit100,9,1598,1798,False
カードローン 総量規制 対象外,,,,,,,,,カードローン,match_keywords_limit50_-searchVolume,19,2098,2198,False
カードローン 総量規制対象外,,,,,,,,,カードローン,match_keywords_limit300,4,1798,2398,False
カードローン 職場,,,,,,,,,カードローン,match_keywords,6,4998,5998,False
カードローン 職場なし,,,,,,,,,カードローン,match_keywords,9,7998,8998,False
カードローン 職場に電話,,,,,,,,,カードローン,match_keywords_limit300,5,2398,2998,False
カードローン 職場に電話なし,,,,,,,,,カードローン,match_keywords,5,3998,4998,False
カードローン 自撮りなし,,,,,,,,,カードローン,match_keywords,9,7998,8998,False
カードローン 融資限度額,,,,,,,,,カードローン,match_keywords,6,4998,5998,False
カードローン 複数 バレる,,,,,,,,,カードローン,match_keywords,9,7998,8998,False
カードローン 複数 審査,,,,,,,,,カードローン,match_keywords_limit100,15,2798,2998,False
カードローン 複数から借りる,,,,,,,,,カードローン,match_keywords,10,8998,,False
カードローン 複数回,,,,,,,,,カードローン,match_keywords,9,7998,8998,False
カードローン 複数申請,,,,,,,,,カードローン,match_keywords,9,7998,8998,False
カードローン 複数社,,,,,,,,,カードローン,match_keywords,6,4998,5998,False
カードローン 規制対象外,,,,,,,,,カードローン,match_keywords_limit100_-searchVolume,8,6398,6598,False
カードローン 解約 され た,,,,,,,,,カードローン,match_keywords,9,7998,8998,False
カードローン 解約しないと,,,,,,,,,カードローン,match_keywords,10,8998,,False
カードローン 解約しないとどうなる,,,,,,,,,カードローン,match_keywords,9,7998,8998,False
カードローン 解約とは,,,,,,,,,カードローン,match_keywords,10,8998,,False
カードローン 解約後 信用情報,,,,,,,,,カードローン,match_keywords,9,7998,8998,False
カードローン 計算 アプリ,,,,,,,,,カードローン,match_keywords_limit300,4,1798,2398,False
カードローン 誰でも借りれる,,,,,,,,,カードローン,match_keywords_limit300,3,1198,1798,False
カードローン 起業,,,,,,,,,カードローン,match_keywords,10,8998,,False
カードローン 転職したら,,,,,,,,,カードローン,match_keywords,8,6998,7998,False
カードローン 転職中,,,,,,,,,カードローン,match_keywords,9,7998,8998,False
カードローン 転職活動中,,,,,,,,,カードローン,match_keywords,10,8998,,False
カードローン 返済 不安,,,,,,,,,カードローン,match_keywords,10,8998,,False
カードローン 返済 利息計算方法,,,,,,,,,カードローン,match_keywords,10,8998,,False
カードローン 返済 期間,,,,,,,,,カードローン,match_keywords_limit50_-searchVolume,19,2098,2198,False
カードローン 返済 減らない,,,,,,,,,カードローン,match_keywords_limit300,10,5398,5998,False
カードローン 返済 計画 例,,,,,,,,,カードローン,match_keywords,10,8998,,False
カードローン 返済できない時,,,,,,,,,カードローン,match_keywords,10,8998,,False
カードローン 返済シミュレーション ろうきん,,,,,,,,,カードローン,match_keywords,9,7998,8998,False
カードローン 返済シミュレーション返済,,,,,,,,,カードローン,match_keywords,10,8998,,False
カードローン 返済シュミ,,,,,,,,,カードローン,match_keywords,9,7998,8998,False
カードローン 返済大変,,,,,,,,,カードローン,match_keywords_limit300,9,4798,5398,False
カードローン 返済計画書,,,,,,,,,カードローン,match_keywords,10,8998,,False
カードローン 返済計画表,,,,,,,,,カードローン,match_keywords,9,7998,8998,False
カードローン 返済計算,,,,,,,,,カードローン,match_keywords_limit100_-searchVolume,3,5398,5598,False
カードローン 返済開始日,,,,,,,,,カードローン,match_keywords,9,7998,8998,False
カードローン 返済間に合わない,,,,,,,,,カードローン,match_keywords,10,8998,,False
カードローン 追加融資,,,,,,,,,カードローン,match_keywords_limit100_-searchVolume,4,5598,5798,False
カードローン 通りやすい 銀行,,,,,,,,,カードローン,match_keywords_limit100,11,1998,2198,False
カードローン 連絡なし,,,,,,,,,カードローン,match_keywords,5,3998,4998,False
カードローン 連続申し込み,,,,,,,,,カードローン,match_keywords,6,4998,5998,False
カードローン 郵便物なし,,,,,,,,,カードローン,match_keywords,5,3998,4998,False
カードローン 郵送物,,,,,,,,,カードローン,match_keywords_limit300_-cpc,10,5398,5998,False
カードローン 金利 12,,,,,,,,,カードローン,match_keywords,9,7998,8998,False
カードローン 金利 14パーセント,,,,,,,,,カードローン,match_keywords,6,4998,5998,False
カードローン 金利 6,,,,,,,,,カードローン,match_keywords,10,8998,,False
カードローン 金利 キャンペーン,,,,,,,,,カードローン,match_keywords_limit50_-searchVolume,15,5498,5598,False
カードローン 金利 シミュレーション,,,,,,,,,カードローン,match_keywords,4,2998,3998,False
カードローン 金利 シュミレーション,,,,,,,,,カードローン,match_keywords,4,2998,3998,False
カードローン 金利 下げる 交渉,,,,,,,,,カードローン,match_keywords_limit100_-searchVolume,4,3598,3798,False
カードローン 金利 仕組み,,,,,,,,,カードローン,match_keywords_limit300,9,4798,5398,False
カードローン 金利 変わる,,,,,,,,,カードローン,match_keywords,10,8998,,False
カードローン 金利 年収,,,,,,,,,カードローン,match_keywords_limit300,12,6598,7198,False
カードローン 金利 計算 シュミレーション,,,,,,,,,カードローン,match_keywords,4,2998,3998,False
カードローン 金利0,,,,,,,,,カードローン,match_keywords_limit300,10,5398,5998,False
カードローン 金利0円,,,,,,,,,カードローン,match_keywords,10,8998,,False
カードローン 金利10,,,,,,,,,カードローン,match_keywords,9,7998,8998,False
カードローン 金利12,,,,,,,,,カードローン,match_keywords,9,7998,8998,False
カードローン 金利なし,,,,,,,,,カードローン,match_keywords_limit300,10,5398,5998,False
カードローン 金利の計算方法,,,,,,,,,カードローン,match_keywords,9,7998,8998,False
カードローン 金利キャンペーン,,,,,,,,,カードローン,match_keywords_limit100_-searchVolume,2,5198,5398,False
カードローン 金利シュミレーション,,,,,,,,,カードローン,match_keywords_limit100_-searchVolume,2,3198,3398,False
カードローン 金利ゼロ,,,,,,,,,カードローン,match_keywords,5,3998,4998,False
カードローン 金利一覧,,,,,,,,,カードローン,match_keywords_limit100_-searchVolume,4,5598,5798,False
カードローン 金利仕組み,,,,,,,,,カードローン,match_keywords_limit100_-searchVolume,4,5598,5798,False
カードローン 金利低いところ,,,,,,,,,カードローン,match_keywords,9,7998,8998,False
カードローン 金利半額,,,,,,,,,カードローン,match_keywords,9,7998,8998,False
カードローン 金利引き上げ,,,,,,,,,カードローン,match_keywords,9,7998,8998,False
カードローン 金利無料,,,,,,,,,カードローン,match_keywords,5,3998,4998,False
カードローン 金利計算方法,,,,,,,,,カードローン,match_keywords,4,2998,3998,False
カードローン 金利高い,,,,,,,,,カードローン,match_keywords_limit50_-searchVolume,32,3398,3498,False
カードローン 金融,,,,,,,,,カードローン,match_keywords,4,2998,3998,False
カードローン 銀行 一覧,,,,,,,,,カードローン,match_keywords,10,8998,,False
カードローン 銀行 会社に電話,,,,,,,,,カードローン,match_keywords,10,8998,,False
カードローン 銀行 返済方法,,,,,,,,,カードローン,match_keywords,10,8998,,False
カードローン 銀行 違い,,,,,,,,,カードローン,match_keywords,9,7998,8998,False
カードローン 銀行 限度額,,,,,,,,,カードローン,match_keywords,9,7998,8998,False
カードローン 銀行から電話,,,,,,,,,カードローン,match_keywords,9,7998,8998,False
カードローン 銀行カードローン,,,,,,,,,カードローン,match_keywords,9,7998,8998,False
カードローン 銀行口座で本人確認,,,,,,,,,カードローン,match_keywords,9,7998,8998,False
カードローン 銀行引き落とし,,,,,,,,,カードローン,match_keywords,9,7998,8998,False
カードローン 銀行法,,,,,,,,,カードローン,match_keywords,9,7998,8998,False
カードローン 銀行系 即日,,,,,,,,,カードローン,match_keywords_limit50_-searchVolume,37,3898,3998,False
カードローン 関東,,,,,,,,,カードローン,match_keywords,9,7998,8998,False
カードローン 限度額 年収,,,,,,,,,カードローン,match_keywords_limit300,4,1798,2398,False
カードローン100万 住宅ローン,,,,,,,,,カードローン,match_keywords,9,7998,8998,False
カードローン100万円,,,,,,,,,カードローン,match_keywords,5,3998,4998,False
カードローン10万円,,,,,,,,,カードローン,match_keywords,4,2998,3998,False
カードローン150万,,,,,,,,,カードローン,match_keywords,4,2998,3998,False
カードローン150万 住宅ローン,,,,,,,,,カードローン,match_keywords,5,3998,4998,False
カードローン19歳借りれる,,,,,,,,,カードローン,match_keywords,9,7998,8998,False
カードローン1ヶ月滞納,,,,,,,,,カードローン,match_keywords,10,8998,,False
カードローン1日遅れ,,,,,,,,,カードローン,match_keywords_limit300,10,5398,5998,False
カードローン1本化,,,,,,,,,カードローン,match_keywords_limit100_-searchVolume,5,5798,5998,False
カードローン200,,,,,,,,,カードローン,match_keywords,9,7998,8998,False
カードローン200万円,,,,,,,,,カードローン,match_keywords_limit100_-searchVolume,4,5598,5798,False
カードローン24時間審査,,,,,,,,,カードローン,match_keywords,5,3998,4998,False
カードローン2型,,,,,,,,,カードローン,match_keywords,10,8998,,False
カードローン2社,,,,,,,,,カードローン,match_keywords,6,4998,5998,False
カードローン2社同時申し込み,,,,,,,,,カードローン,match_keywords,9,7998,8998,False
カードローン2社目,,,,,,,,,カードローン,match_keywords,4,2998,3998,False
カードローン300万 住宅ローン,,,,,,,,,カードローン,match_keywords,9,7998,8998,False
カードローン300万 返済,,,,,,,,,カードローン,match_keywords,5,3998,4998,False
カードローン30万 住宅ローン,,,,,,,,,カードローン,match_keywords,9,7998,8998,False
カードローン30万 返済,,,,,,,,,カードローン,match_keywords,5,3998,4998,False
カードローン3ヶ月滞納,,,,,,,,,カードローン,match_keywords,9,7998,8998,False
カードローン3万,,,,,,,,,カードローン,match_keywords,5,3998,4998,False
カードローン3社,,,,,,,,,カードローン,match_keywords_limit100_-searchVolume,5,5798,5998,False
カードローン40万,,,,,,,,,カードローン,match_keywords_limit100_-searchVolume,6,3998,4198,False
カードローン4s とは,,,,,,,,,カードローン,match_keywords,8,6998,7998,False
カードローン4s 借り方,,,,,,,,,カードローン,match_keywords,10,8998,,False
カードローン4s 四国銀行,,,,,,,,,カードローン,match_keywords,8,6998,7998,False
カードローン4s 増額,,,,,,,,,カードローン,match_keywords,10,8998,,False
カードローン4s 審査,,,,,,,,,カードローン,match_keywords,9,7998,8998,False
カードローン4s 返済方法,,,,,,,,,カードローン,match_keywords,9,7998,8998,False
カードローン4sとは,,,,,,,,,カードローン,match_keywords,9,7998,8998,False
カードローン4社借り入れ,,,,,,,,,カードローン,match_keywords,10,8998,,False
カードローン50万 住宅ローン,,,,,,,,,カードローン,match_keywords,9,7998,8998,False
カードローン50万 利息,,,,,,,,,カードローン,match_keywords,6,4998,5998,False
カードローン50万 返済,,,,,,,,,カードローン,match_keywords,4,2998,3998,False
カードローン50万 返済額,,,,,,,,,カードローン,match_keywords,5,3998,4998,False
カードローン50万以上,,,,,,,,,カードローン,match_keywords,6,4998,5998,False
カードローン50万借りたら月いくら,,,,,,,,,カードローン,match_keywords,9,7998,8998,False
カードローン5ch,,,,,,,,,カードローン,match_keywords,4,2998,3998,False
カードローン5ちゃん,,,,,,,,,カードローン,match_keywords,10,8998,,False
カードローン5ちゃんねる,,,,,,,,,カードローン,match_keywords,5,3998,4998,False
カードローン5万,,,,,,,,,カードローン,match_keywords,4,2998,3998,False
カードローン5万円,,,,,,,,,カードローン,match_keywords,4,2998,3998,False
カードローン65歳以上,,,,,,,,,カードローン,match_keywords_limit300,5,2398,2998,False
カードローン70万,,,,,,,,,カードローン,match_keywords_limit50_-searchVolume,35,3698,3798,False
カードローン74歳,,,,,,,,,カードローン,match_keywords,10,8998,,False
カードローン75歳以上,,,,,,,,,カードローン,match_keywords,9,7998,8998,False
カードローン77,,,,,,,,,カードローン,match_keywords_limit50_-searchVolume,24,2598,2698,False
カードローン800万,,,,,,,,,カードローン,match_keywords_limit100_-searchVolume,6,3998,4198,False
カードローン80万,,,,,,,,,カードローン,match_keywords,4,2998,3998,False
カードローン80歳まで,,,,,,,,,カードローン,match_keywords,9,7998,8998,False
カードローン90万,,,,,,,,,カードローン,match_keywords,5,3998,4998,False
カードローンatm,,,,,,,,,カードローン,match_keywords_limit50_-searchVolume,13,1498,1598,False
カードローンatm使い方,,,,,,,,,カードローン,match_keywords,5,3998,4998,False
カードローンcrest,,,,,,,,,カードローン,match_keywords_limit50_-searchVolume,15,5498,5598,False
カードローンfaith,,,,,,,,,カードローン,match_keywords,4,2998,3998,False
カードローンis銀行 cm,,,,,,,,,カードローン,match_keywords,9,7998,8998,False
カードローンluxzo,,,,,,,,,カードローン,match_keywords,8,6998,7998,False
カードローンn,,,,,,,,,カードローン,match_keywords,9,7998,8998,False
カードローンnetアンサー,,,,,,,,,カードローン,match_keywords,5,3998,4998,False
カードローンpaypay,,,,,,,,,カードローン,match_keywords_limit300,7,3598,4198,False
カードローンs,,,,,,,,,カードローン,match_keywords,5,3998,4998,False
カードローンselection,,,,,,,,,カードローン,match_keywords,8,6998,7998,False
カードローンあったら住宅ローン通らない,,,,,,,,,カードローン,match_keywords,9,7998,8998,False
カードローンあっても住宅ローン,,,,,,,,,カードローン,match_keywords,9,7998,8998,False
カードローンあり 住宅ローン,,,,,,,,,カードローン,match_keywords,5,3998,4998,False
カードローンあり 創業融資,,,,,,,,,カードローン,match_keywords,10,8998,,False
カードローンあるとクレジット作れない,,,,,,,,,カードローン,match_keywords,9,7998,8998,False
カードローンあると住宅ローン組めない,,,,,,,,,カードローン,match_keywords_limit300,5,2398,2998,False
カードローンある人,,,,,,,,,カードローン,match_keywords,10,8998,,False
カードローンいくら借りられる,,,,,,,,,カードローン,match_keywords,5,3998,4998,False
カードローンいくら借りれる,,,,,,,,,カードローン,match_keywords_limit100_-searchVolume,2,3198,3398,False
カードローンいつまでに返済,,,,,,,,,カードローン,match_keywords,5,3998,4998,False
カードローンいつも審査,,,,,,,,,カードローン,match_keywords,9,7998,8998,False
カードローンえびす,,,,,,,,,カードローン,match_keywords,8,6998,7998,False
カードローンおすすめ バレない,,,,,,,,,カードローン,match_keywords_limit300,4,1798,2398,False
カードローンおすすめゆるい,,,,,,,,,カードローン,match_keywords,10,8998,,False
カードローンおすすめガイド,,,,,,,,,カードローン,match_keywords_limit300,12,6598,7198,False
カードローンおすすめランキング,,,,,,,,,カードローン,match_keywords_limit300,6,2998,3598,False
カードローンおすすめ審査,,,,,,,,,カードローン,match_keywords,4,2998,3998,False
カードローンおまとめ,,,,,,,,,カードローン,match_keywords_limit50_-searchVolume,17,1898,1998,False
カードローンおまとめしたい,,,,,,,,,カードローン,match_keywords,6,4998,5998,False
カードローンおまとめローン,,,,,,,,,カードローン,match_keywords_limit100,15,2798,2998,False
カードローンおまとめ審査,,,,,,,,,カードローン,match_keywords,7,5998,6998,False
カードローンお借り入れとは,,,,,,,,,カードローン,match_keywords_limit100_-searchVolume,5,5798,5998,False
カードローンお取引照合表とは,,,,,,,,,カードローン,match_keywords,7,5998,6998,False
カードローンから抜け出す方法,,,,,,,,,カードローン,match_keywords,7,5998,6998,False
カードローンこれか,,,,,,,,,カードローン,match_keywords,9,7998,8998,False
カードローンしんわ,,,,,,,,,カードローン,match_keywords,4,2998,3998,False
カードローンすぐ借りる,,,,,,,,,カードローン,match_keywords,6,4998,5998,False
カードローンすぐ返す,,,,,,,,,カードローン,match_keywords,4,2998,3998,False
カードローンするなら,,,,,,,,,カードローン,match_keywords,6,4998,5998,False
カードローンそっけつくん,,,,,,,,,カードローン,match_keywords,10,8998,,False
カードローンたは,,,,,,,,,カードローン,match_keywords,9,7998,8998,False
カードローンてなに,,,,,,,,,カードローン,match_keywords,10,8998,,False
カードローンできるところ,,,,,,,,,カードローン,match_keywords,9,7998,8998,False
カードローンできるカード,,,,,,,,,カードローン,match_keywords,9,7998,8998,False
カードローンできる銀行,,,,,,,,,カードローン,match_keywords,10,8998,,False
カードローンでクレジット返済,,,,,,,,,カードローン,match_keywords,4,2998,3998,False
カードローンで生活,,,,,,,,,カードローン,match_keywords,10,8998,,False
カードローンと,,,,,,,,,カードローン,match_keywords,5,3998,4998,False
カードローンと は リボ払い,,,,,,,,,カードローン,match_keywords_limit100_-searchVolume,4,5598,5798,False
カードローンとは paypay,,,,,,,,,カードローン,match_keywords,10,8998,,False
カードローンとは ろうきん,,,,,,,,,カードローン,match_keywords,7,5998,6998,False
カードローンとは イオン銀行,,,,,,,,,カードローン,match_keywords,10,8998,,False
カードローンとは クレジットカード,,,,,,,,,カードローン,match_keywords_limit100,9,1598,1798,False
カードローンとは 三井住友,,,,,,,,,カードローン,match_keywords,9,7998,8998,False
カードローンとは 借金,,,,,,,,,カードローン,match_keywords,10,8998,,False
カードローンとは 分割払い,,,,,,,,,カードローン,match_keywords,10,8998,,False
カードローンとは 現金,,,,,,,,,カードローン,match_keywords,4,2998,3998,False
カードローンとは 簡単に,,,,,,,,,カードローン,match_keywords,8,6998,7998,False
カードローンとはとは,,,,,,,,,カードローン,match_keywords,8,6998,7998,False
カードローンとはどういうものですか,,,,,,,,,カードローン,match_keywords,9,7998,8998,False
カードローンとはプロミス,,,,,,,,,カードローン,match_keywords,10,8998,,False
カードローンとは借金,,,,,,,,,カードローン,match_keywords,9,7998,8998,False
カードローンとは楽天,,,,,,,,,カードローン,match_keywords_limit50_-searchVolume,11,1298,1398,False
カードローンとカーローン,,,,,,,,,カードローン,match_keywords,10,8998,,False
カードローンとクレカの違い,,,,,,,,,カードローン,match_keywords_limit300_-cpc,10,5398,5998,False
カードローンとクレジットの違い,,,,,,,,,カードローン,match_keywords,4,2998,3998,False
カードローンとフリーローンどちらがいい,,,,,,,,,カードローン,match_keywords,4,2998,3998,False
カードローンとフリーローンの違いは,,,,,,,,,カードローン,match_keywords_limit300,11,5998,6598,False
カードローンと借金の違いは何ですか,,,,,,,,,カードローン,match_keywords,10,8998,,False
カードローンと分割払いの違い,,,,,,,,,カードローン,match_keywords_limit50_-searchVolume,7,4698,4798,False
カードローンと消費者金融,,,,,,,,,カードローン,match_keywords,5,3998,4998,False
カードローンと銀行ローンの違い,,,,,,,,,カードローン,match_keywords_limit100_-searchVolume,3,3398,3598,False
カードローンどこがおすすめ,,,,,,,,,カードローン,match_keywords,9,7998,8998,False
カードローンどこが安い,,,,,,,,,カードローン,match_keywords_limit300,14,7798,8398,False
カードローンどこにも借りれない,,,,,,,,,カードローン,match_keywords,9,7998,8998,False
カードローンなしで借りる,,,,,,,,,カードローン,match_keywords,10,8998,,False
カードローンなに,,,,,,,,,カードローン,match_keywords,10,8998,,False
カードローンに必要なもの,,,,,,,,,カードローン,match_keywords,9,7998,8998,False
カードローンに必要な書類,,,,,,,,,カードローン,match_keywords,9,7998,8998,False
カードローンに手を出した,,,,,,,,,カードローン,match_keywords,9,7998,8998,False
カードローンの,,,,,,,,,カードローン,match_keywords,6,4998,5998,False
カードローンのおすすめ人気ランキング,,,,,,,,,カードローン,match_keywords,9,7998,8998,False
カードローンのカード紛失,,,,,,,,,カードローン,match_keywords,9,7998,8998,False
カードローンの借り入れ,,,,,,,,,カードローン,match_keywords,9,7998,8998,False
カードローンの借り入れとは,,,,,,,,,カードローン,match_keywords,9,7998,8998,False
カードローンの収入証明書を提出しないとどうなる,,,,,,,,,カードローン,match_keywords,9,7998,8998,False
カードローンの学び舎,,,,,,,,,カードローン,match_keywords_limit300,13,7198,7798,False
カードローンの審査が通らない理由,,,,,,,,,カードローン,match_keywords,4,2998,3998,False
カードローンの年齢制限,,,,,,,,,カードローン,match_keywords_limit100,12,2198,2398,False
カードローンの案内,,,,,,,,,カードローン,match_keywords,9,7998,8998,False
カードローンの残高の見方,,,,,,,,,カードローン,match_keywords,10,8998,,False
カードローンの窓口,,,,,,,,,カードローン,match_keywords,9,7998,8998,False
カードローンの窓口合同会社,,,,,,,,,カードローン,match_keywords,9,7998,8998,False
カードローンの金利はどうやって決まる,,,,,,,,,カードローン,match_keywords_limit100_-searchVolume,4,5598,5798,False
カードローンはいくらまで借りれる,,,,,,,,,カードローン,match_keywords_limit300,14,7798,8398,False
カードローンはやばい,,,,,,,,,カードローン,match_keywords,10,8998,,False
カードローンはクレジットカード,,,,,,,,,カードローン,match_keywords,9,7998,8998,False
カードローンはローンのおまとめに使えますか,,,,,,,,,カードローン,match_keywords,10,8998,,False
カードローンは何歳まで,,,,,,,,,カードローン,match_keywords_limit100_-searchVolume,6,3998,4198,False
カードローンは何歳まで借りれる,,,,,,,,,カードローン,match_keywords,8,6998,7998,False
カードローンは借入になる,,,,,,,,,カードローン,match_keywords_limit300,10,5398,5998,False
カードローンは借金ですか,,,,,,,,,カードローン,match_keywords,10,8998,,False
カードローンは借金になる,,,,,,,,,カードローン,match_keywords,10,8998,,False
カードローンは現金,,,,,,,,,カードローン,match_keywords,9,7998,8998,False
カードローンは現金にできる,,,,,,,,,カードローン,match_keywords,9,7998,8998,False
カードローンまとめたい,,,,,,,,,カードローン,match_keywords_limit50_-searchVolume,19,2098,2198,False
カードローンもう借りれない,,,,,,,,,カードローン,match_keywords,9,7998,8998,False
カードローンもしか,,,,,,,,,カードローン,match_keywords,10,8998,,False
カードローンもは,,,,,,,,,カードローン,match_keywords,9,7998,8998,False
カードローンも借りれない,,,,,,,,,カードローン,match_keywords,9,7998,8998,False
カードローンろうきん,,,,,,,,,カードローン,match_keywords_limit100,15,2798,2998,False
カードローンをカードローンで返す,,,,,,,,,カードローン,match_keywords,6,4998,5998,False
カードローンをフリーローンで返す,,,,,,,,,カードローン,match_keywords,6,4998,5998,False
カードローンを一つにまとめたい,,,,,,,,,カードローン,match_keywords_limit300,10,5398,5998,False
カードローンを一括返済するとどうなる,,,,,,,,,カードローン,match_keywords,7,5998,6998,False
カードローンを一本化,,,,,,,,,カードローン,match_keywords,9,7998,8998,False
カードローンを住宅ローンにまとめる,,,,,,,,,カードローン,match_keywords_limit100,12,2198,2398,False
カードローンを住宅ローンに組み込む,,,,,,,,,カードローン,match_keywords_limit300,10,5398,5998,False
カードローンを早く返済する方法,,,,,,,,,カードローン,match_keywords_limit300,10,5398,5998,False
カードローン一体型キャッシュカード,,,,,,,,,カードローン,match_keywords,10,8998,,False
カードローン一括返済の仕方,,,,,,,,,カードローン,match_keywords,5,3998,4998,False
カードローン一本化,,,,,,,,,カードローン,match_keywords,4,2998,3998,False
カードローン仕組み,,,,,,,,,カードローン,match_keywords_limit100,9,1598,1798,False
カードローン他社借入とは,,,,,,,,,カードローン,match_keywords,4,2998,3998,False
カードローン他社借入バレる,,,,,,,,,カードローン,match_keywords,4,2998,3998,False
カードローン以外でお金を借りる方法,,,,,,,,,カードローン,match_keywords_limit300,8,4198,4798,False
カードローン以外でお金借りる,,,,,,,,,カードローン,match_keywords_limit50_-searchVolume,15,5498,5598,False
カードローン仮審査,,,,,,,,,カードローン,match_keywords_limit50_-searchVolume,27,2898,2998,False
カードローン会社に電話 言い訳,,,,,,,,,カードローン,match_keywords,3,1998,2998,False
カードローン低金利おすすめ,,,,,,,,,カードローン,match_keywords_limit100,4,598,798,False
カードローン体験談,,,,,,,,,カードローン,match_keywords,5,3998,4998,False
カードローン何回まで,,,,,,,,,カードローン,match_keywords,9,7998,8998,False
カードローン何回払い,,,,,,,,,カードローン,match_keywords_limit50_-searchVolume,37,3898,3998,False
カードローン何回払いまで,,,,,,,,,カードローン,match_keywords,10,8998,,False
カードローン何歳から借りれる,,,,,,,,,カードローン,match_keywords,10,8998,,False
カードローン何歳まで,,,,,,,,,カードローン,match_keywords_limit100_-searchVolume,5,3798,3998,False
カードローン何社まで,,,,,,,,,カードローン,match_keywords_limit100_-searchVolume,2,3198,3398,False
カードローン何社まで借りられる,,,,,,,,,カードローン,match_keywords_limit300,9,4798,5398,False
カードローン作るだけ,,,,,,,,,カードローン,match_keywords,4,2998,3998,False
カードローン作るなら,,,,,,,,,カードローン,match_keywords,9,7998,8998,False
カードローン作れない人,,,,,,,,,カードローン,match_keywords,9,7998,8998,False
カードローン使い方,,,,,,,,,カードローン,match_keywords_limit100,12,2198,2398,False
カードローン使えない,,,,,,,,,カードローン,match_keywords_limit50_-searchVolume,13,5298,5398,False
カードローン使えなくなった,,,,,,,,,カードローン,match_keywords_limit50_-searchVolume,8,4798,4898,False
カードローン使ってる人 割合,,,,,,,,,カードローン,match_keywords,9,7998,8998,False
カードローン使わなければ,,,,,,,,,カードローン,match_keywords,5,3998,4998,False
カードローン保証人,,,,,,,,,カードローン,match_keywords,4,2998,3998,False
カードローン保証会社,,,,,,,,,カードローン,match_keywords_limit50_-searchVolume,23,2498,2598,False
カードローン保証料,,,,,,,,,カードローン,match_keywords,5,3998,4998,False
カードローン借りやすいところ,,,,,,,,,カードローン,match_keywords,6,4998,5998,False
カードローン借りる理由,,,,,,,,,カードローン,match_keywords_limit100_-searchVolume,2,5198,5398,False
カードローン借り換え 200万,,,,,,,,,カードローン,match_keywords,4,2998,3998,False
カードローン借入,,,,,,,,,カードローン,match_keywords_limit100,9,1598,1798,False
カードローン借入限度額,,,,,,,,,カードローン,match_keywords,4,2998,3998,False
カードローン債務者死亡,,,,,,,,,カードローン,match_keywords_limit300,10,5398,5998,False
カードローン免除,,,,,,,,,カードローン,match_keywords_limit100_-searchVolume,8,4398,4598,False
カードローン入会日とは,,,,,,,,,カードローン,match_keywords,9,7998,8998,False
カードローン入金,,,,,,,,,カードローン,match_keywords,6,4998,5998,False
カードローン再審査,,,,,,,,,カードローン,match_keywords,5,3998,4998,False
カードローン利息キャッシュバックキャンペーン,,,,,,,,,カードローン,match_keywords,9,7998,8998,False
カードローン利息キャッシュバックキャンペーン sbi,,,,,,,,,カードローン,match_keywords,6,4998,5998,False
カードローン利息計算方法,,,,,,,,,カードローン,match_keywords,6,4998,5998,False
カードローン利用 住宅ローン審査,,,,,,,,,カードローン,match_keywords,9,7998,8998,False
カードローン利用中 転職,,,,,,,,,カードローン,match_keywords,9,7998,8998,False
カードローン利用率,,,,,,,,,カードローン,match_keywords_limit100_-searchVolume,6,3998,4198,False
カードローン利用者,,,,,,,,,カードローン,match_keywords,6,4998,5998,False
カードローン利用者 調査,,,,,,,,,カードローン,match_keywords,5,3998,4998,False
カードローン割合,,,,,,,,,カードローン,match_keywords,4,2998,3998,False
カードローン即日可能,,,,,,,,,カードローン,match_keywords,9,7998,8998,False
カードローン取引期限到来とは,,,,,,,,,カードローン,match_keywords,5,3998,4998,False
カードローン口コミ,,,,,,,,,カードローン,match_keywords_limit50_-searchVolume,25,2698,2798,False
カードローン口座,,,,,,,,,カードローン,match_keywords_limit300,6,2998,3598,False
カードローン口座 解約,,,,,,,,,カードローン,match_keywords,9,7998,8998,False
カードローン口座とは,,,,,,,,,カードローン,match_keywords,4,2998,3998,False
カードローン同時申し込みとは,,,,,,,,,カードローン,match_keywords,5,3998,4998,False
カードローン名義変更,,,,,,,,,カードローン,match_keywords_limit300,5,2398,2998,False
カードローン名義貸し,,,,,,,,,カードローン,match_keywords_limit50_-searchVolume,1,4098,4198,False
カードローン嘘バレる,,,,,,,,,カードローン,match_keywords,4,2998,3998,False
カードローン基本契約事前説明書 見れない,,,,,,,,,カードローン,match_keywords,10,8998,,False
カードローン多重申し込み,,,,,,,,,カードローン,match_keywords,6,4998,5998,False
カードローン大手,,,,,,,,,カードローン,match_keywords_limit50_-searchVolume,27,2898,2998,False
カードローン契約 借り ない,,,,,,,,,カードローン,match_keywords_limit300,13,7198,7798,False
カードローン契約だけ,,,,,,,,,カードローン,match_keywords,4,2998,3998,False
カードローン契約とは,,,,,,,,,カードローン,match_keywords,5,3998,4998,False
カードローン契約期限 過ぎた,,,,,,,,,カードローン,match_keywords,4,2998,3998,False
カードローン契約期限とは,,,,,,,,,カードローン,match_keywords_limit50_-searchVolume,38,3998,4098,False
カードローン契約者死亡,,,,,,,,,カードローン,match_keywords_limit50_-searchVolume,9,4898,4998,False
カードローン完済,,,,,,,,,カードローン,match_keywords,4,2998,3998,False
カードローン審査 会社に電話,,,,,,,,,カードローン,match_keywords,5,3998,4998,False
カードローン審査 必要書類 在籍確認,,,,,,,,,カードローン,match_keywords_limit100_-searchVolume,7,6198,6398,False
カードローン審査 通らない理由,,,,,,,,,カードローン,match_keywords_limit100_-searchVolume,2,3198,3398,False
カードローン審査落ち 再申し込み 知恵袋,,,,,,,,,カードローン,match_keywords,4,2998,3998,False
カードローン審査落ちた,,,,,,,,,カードローン,match_keywords,3,1998,2998,False
カードローン専用キャッシュカード,,,,,,,,,カードローン,match_keywords,10,8998,,False
カードローン履歴 住宅ローン,,,,,,,,,カードローン,match_keywords,6,4998,5998,False
カードローン市場規模,,,,,,,,,カードローン,match_keywords,6,4998,5998,False
カードローン平均金利,,,,,,,,,カードローン,match_keywords,4,2998,3998,False
カードローン年会費,,,,,,,,,カードローン,match_keywords,4,2998,3998,False
カードローン年収の3分の1,,,,,,,,,カードローン,match_keywords_limit300,6,2998,3598,False
カードローン年収嘘,,,,,,,,,カードローン,match_keywords_limit300,5,2398,2998,False
カードローン年金生活者,,,,,,,,,カードローン,match_keywords,5,3998,4998,False
カードローン広告,,,,,,,,,カードローン,match_keywords,4,2998,3998,False
カードローン広告 うざい,,,,,,,,,カードローン,match_keywords,4,2998,3998,False
カードローン延滞 ブラックリスト,,,,,,,,,カードローン,match_keywords_limit300,10,5398,5998,False
カードローン延滞 信用情報,,,,,,,,,カードローン,match_keywords,4,2998,3998,False
カードローン延滞放置,,,,,,,,,カードローン,match_keywords,5,3998,4998,False
カードローン引き落とし,,,,,,,,,カードローン,match_keywords,5,3998,4998,False
カードローン引き落とし時間,,,,,,,,,カードローン,match_keywords,6,4998,5998,False
カードローン愛,,,,,,,,,カードローン,match_keywords,5,3998,4998,False
カードローン手数料,,,,,,,,,カードローン,match_keywords_limit50_-searchVolume,27,2898,2998,False
カードローン手続き,,,,,,,,,カードローン,match_keywords,5,3998,4998,False
カードローン払えない場合,,,,,,,,,カードローン,match_keywords,5,3998,4998,False
カードローン支払いできない,,,,,,,,,カードローン,match_keywords,5,3998,4998,False
カードローン支払い方法,,,,,,,,,カードローン,match_keywords,4,2998,3998,False
カードローン方法,,,,,,,,,カードローン,match_keywords,5,3998,4998,False
カードローン早く返す方法,,,,,,,,,カードローン,match_keywords_limit50_-searchVolume,5,4498,4598,False
カードローン暗証番号,,,,,,,,,カードローン,match_keywords_limit300,8,4198,4798,False
カードローン最後の砦,,,,,,,,,カードローン,match_keywords_limit300,9,4798,5398,False
カードローン月々の返済額,,,,,,,,,カードローン,match_keywords,4,2998,3998,False
カードローン有り クレジットカード,,,,,,,,,カードローン,match_keywords,9,7998,8998,False
カードローン有り 車ローン,,,,,,,,,カードローン,match_keywords_limit300,10,5398,5998,False
カードローン未成年,,,,,,,,,カードローン,match_keywords,9,7998,8998,False
カードローン本人死亡の場合,,,,,,,,,カードローン,match_keywords_limit300,7,3598,4198,False
カードローン本審査,,,,,,,,,カードローン,match_keywords,4,2998,3998,False
カードローン本審査落ち,,,,,,,,,カードローン,match_keywords,9,7998,8998,False
カードローン枠,,,,,,,,,カードローン,match_keywords,4,2998,3998,False
カードローン枠 増額,,,,,,,,,カードローン,match_keywords_limit300,10,5398,5998,False
カードローン機能とは,,,,,,,,,カードローン,match_keywords,10,8998,,False
カードローン残して死んだら,,,,,,,,,カードローン,match_keywords_limit300,10,5398,5998,False
カードローン比較ランキング,,,,,,,,,カードローン,match_keywords_limit300,13,7198,7798,False
カードローン決済のお知らせ,,,,,,,,,カードローン,match_keywords,9,7998,8998,False
カードローン決算とは,,,,,,,,,カードローン,match_keywords,6,4998,5998,False
カードローン決算のお知らせ,,,,,,,,,カードローン,match_keywords,6,4998,5998,False
カードローン法人,,,,,,,,,カードローン,match_keywords_limit100,8,1398,1598,False
カードローン法律事務所,,,,,,,,,カードローン,match_keywords_limit100_-searchVolume,5,5798,5998,False
カードローン注意事項,,,,,,,,,カードローン,match_keywords,10,8998,,False
カードローン減らない,,,,,,,,,カードローン,match_keywords,4,2998,3998,False
カードローン無人契約機,,,,,,,,,カードローン,match_keywords,4,2998,3998,False
カードローン無利子,,,,,,,,,カードローン,match_keywords_limit100_-searchVolume,8,4398,4598,False
カードローン現金化,,,,,,,,,カードローン,match_keywords,4,2998,3998,False
カードローン理由,,,,,,,,,カードローン,match_keywords,6,4998,5998,False
カードローン申し込み 他社借入,,,,,,,,,カードローン,match_keywords_limit300,10,5398,5998,False
カードローン申し込み 信用情報,,,,,,,,,カードローン,match_keywords,4,2998,3998,False
カードローン申し込みとは,,,,,,,,,カードローン,match_keywords,6,4998,5998,False
カードローン申し込みキャンセル,,,,,,,,,カードローン,match_keywords_limit50_-searchVolume,35,3698,3798,False
カードローン相続,,,,,,,,,カードローン,match_keywords,5,3998,4998,False
カードローン相続放棄,,,,,,,,,カードローン,match_keywords,5,3998,4998,False
カードローン相談窓口,,,,,,,,,カードローン,match_keywords_limit50_-searchVolume,33,3498,3598,False
カードローン研究所,,,,,,,,,カードローン,match_keywords,5,3998,4998,False
カードローン破産,,,,,,,,,カードローン,match_keywords,5,3998,4998,False
カードローン祝日,,,,,,,,,カードローン,match_keywords,6,4998,5998,False
カードローン窓口,,,,,,,,,カードローン,match_keywords,5,3998,4998,False
カードローン端数返済,,,,,,,,,カードローン,match_keywords_limit50_-searchVolume,35,3698,3798,False
カードローン簡単審査,,,,,,,,,カードローン,match_keywords,5,3998,4998,False
カードローン簡易審査,,,,,,,,,カードローン,match_keywords,5,3998,4998,False
カードローン組めない人,,,,,,,,,カードローン,match_keywords_limit300,10,5398,5998,False
カードローン総量規制オーバー,,,,,,,,,カードローン,match_keywords_limit300,9,4798,5398,False
カードローン繰り上げ返済,,,,,,,,,カードローン,match_keywords_limit50_-searchVolume,17,1898,1998,False
カードローン落ちる理由,,,,,,,,,カードローン,match_keywords,5,3998,4998,False
カードローン融資,,,,,,,,,カードローン,match_keywords,4,2998,3998,False
カードローン裁判,,,,,,,,,カードローン,match_keywords_limit300,10,5398,5998,False
カードローン複数申し込み,,,,,,,,,カードローン,match_keywords_limit100,15,2798,2998,False
カードローン見直し,,,,,,,,,カードローン,match_keywords,4,2998,3998,False
カードローン解約後 住宅ローン,,,,,,,,,カードローン,match_keywords,10,8998,,False
カードローン解約手続き,,,,,,,,,カードローン,match_keywords_limit50_-searchVolume,15,5498,5598,False
カードローン計算 アプリ,,,,,,,,,カードローン,match_keywords_limit50_-searchVolume,17,1898,1998,False
カードローン計算方法,,,,,,,,,カードローン,match_keywords,4,2998,3998,False
カードローン詐欺 相談,,,,,,,,,カードローン,match_keywords_limit300,8,4198,4798,False
カードローン調査,,,,,,,,,カードローン,match_keywords,5,3998,4998,False
カードローン転職,,,,,,,,,カードローン,match_keywords,4,2998,3998,False
カードローン返し方,,,,,,,,,カードローン,match_keywords_limit300,5,2398,2998,False
カードローン返せない,,,,,,,,,カードローン,match_keywords,4,2998,3998,False
カードローン返済 勘定科目,,,,,,,,,カードローン,match_keywords,6,4998,5998,False
カードローン返済 端数,,,,,,,,,カードローン,match_keywords,4,2998,3998,False
カードローン返済 計算式,,,,,,,,,カードローン,match_keywords,9,7998,8998,False
カードローン返済しないとどうなる,,,,,,,,,カードローン,match_keywords,4,2998,3998,False
カードローン返済できない場合,,,,,,,,,カードローン,match_keywords,4,2998,3998,False
カードローン返済とは,,,,,,,,,カードローン,match_keywords,9,7998,8998,False
カードローン返済日,,,,,,,,,カードローン,match_keywords,5,3998,4998,False
カードローン返済期間,,,,,,,,,カードローン,match_keywords_limit300,4,1798,2398,False
カードローン返済期限,,,,,,,,,カードローン,match_keywords_limit50_-searchVolume,37,3898,3998,False
カードローン返済遅れたら,,,,,,,,,カードローン,match_keywords,6,4998,5998,False
カードローン通らない人,,,,,,,,,カードローン,match_keywords,5,3998,4998,False
カードローン通りやすいところ,,,,,,,,,カードローン,match_keywords,5,3998,4998,False
カードローン通帳とは,,,,,,,,,カードローン,match_keywords_limit100_-searchVolume,8,4398,4598,False
カードローン連帯保証人,,,,,,,,,カードローン,match_keywords,4,2998,3998,False
カードローン遅延損害金,,,,,,,,,カードローン,match_keywords,6,4998,5998,False
カードローン金利 シュミレーション,,,,,,,,,カードローン,match_keywords_limit50_-searchVolume,33,3498,3598,False
カードローン金利 安い ランキング,,,,,,,,,カードローン,match_keywords_limit300,8,4198,4798,False
カードローン金利 計算 シュミレーション,,,,,,,,,カードローン,match_keywords_limit300_-cpc,6,2998,3598,False
カードローン金利とは,,,,,,,,,カードローン,match_keywords_limit300,10,5398,5998,False
カードローン金利計算シミュレーション,,,,,,,,,カードローン,match_keywords,9,7998,8998,False
カードローン金利計算シュミレーション,,,,,,,,,カードローン,match_keywords_limit100_-searchVolume,2,3198,3398,False
カードローン金利計算方法,,,,,,,,,カードローン,match_keywords,5,3998,4998,False
カードローン金利高い,,,,,,,,,カードローン,match_keywords,4,2998,3998,False
カードローン電話なし,,,,,,,,,カードローン,match_keywords_limit100,14,2598,2798,False
キャッシング カードローン 金利,,,,,,,,,カードローン,match_keywords_limit100_-searchVolume,5,5798,5998,False
キャッシングできるカードローン,,,,,,,,,カードローン,match_keywords,10,8998,,False
キャッシングをカードローンで返す,,,,,,,,,カードローン,match_keywords,10,8998,,False
キャッシングローンとカードローンの違い,,,,,,,,,カードローン,match_keywords_limit300,5,2398,2998,False
キャッシング付きカードローン,,,,,,,,,カードローン,match_keywords,9,7998,8998,False
クラポ カードローン,,,,,,,,,カードローン,match_keywords,9,7998,8998,False
クレジット カードローン,,,,,,,,,カードローン,match_keywords_limit100,5,798,998,False
クレジットカード カードローンとは,,,,,,,,,カードローン,match_keywords,4,2998,3998,False
クレジットカード カードローンなし,,,,,,,,,カードローン,match_keywords,10,8998,,False
クレジットカード 分割払い カードローン,,,,,,,,,カードローン,match_keywords,10,8998,,False
クレジットカードとカードローン,,,,,,,,,カードローン,match_keywords_limit50_-searchVolume,13,1498,1598,False
ショッピングとカードローンの違い,,,,,,,,,カードローン,match_keywords_limit100_-searchVolume,3,5398,5598,False
スピリッツ カードローン,,,,,,,,,カードローン,match_keywords,9,7998,8998,False
スマホで借りれるカードローン,,,,,,,,,カードローン,match_keywords,9,7998,8998,False
スルガ銀行 カードローン 借り入れ,,,,,,,,,カードローン,match_keywords,9,7998,8998,False
スルガ銀行カードローン 5ch,,,,,,,,,カードローン,match_keywords,6,4998,5998,False
スルガ銀行カードローン アプリ,,,,,,,,,カードローン,match_keywords,5,3998,4998,False
スルガ銀行カードローン ログイン,,,,,,,,,カードローン,match_keywords,4,2998,3998,False
スルガ銀行カードローン 勝手に,,,,,,,,,カードローン,match_keywords_limit300,6,2998,3598,False
スルガ銀行カードローン 審査時間,,,,,,,,,カードローン,match_keywords,4,2998,3998,False
スルガ銀行カードローン 専業主婦,,,,,,,,,カードローン,match_keywords_limit100_-searchVolume,12,7198,7398,False
スルガ銀行カードローン 返済額,,,,,,,,,カードローン,match_keywords_limit300,7,3598,4198,False
スルガ銀行カードローン 郵送物,,,,,,,,,カードローン,match_keywords,9,7998,8998,False
スルガ銀行カードローン 金利,,,,,,,,,カードローン,match_keywords,4,2998,3998,False
スルガ銀行カードローンしたく,,,,,,,,,カードローン,match_keywords_limit300,10,5398,5998,False
スルガ銀行カードローン問い合わせ,,,,,,,,,カードローン,match_keywords,6,4998,5998,False
スルガ銀行カードローン増額,,,,,,,,,カードローン,match_keywords_limit300,8,4198,4798,False
スルガ銀行カードローン解約,,,,,,,,,カードローン,match_keywords,4,2998,3998,False
スルガ銀行カードローン返済額,,,,,,,,,カードローン,match_keywords,4,2998,3998,False
スーパーブラック カードローン,,,,,,,,,カードローン,match_keywords,10,8998,,False
スーパーブラックでも借りられるカードローン,,,,,,,,,カードローン,match_keywords,10,8998,,False
スーパーブラックでも借りれるカードローン,,,,,,,,,カードローン,match_keywords,6,4998,5998,False
セゾンファンデックスのかんたん安心カードローン,,,,,,,,,カードローン,match_keywords,10,8998,,False
セブン カードローン審査,,,,,,,,,カードローン,match_keywords_limit50_-searchVolume,13,1498,1598,False
セブンイレブン のカードローン,,,,,,,,,カードローン,match_keywords,10,8998,,False
セブン銀 カードローン,,,,,,,,,カードローン,match_keywords,9,7998,8998,False
セブン銀行 カードローン 50万,,,,,,,,,カードローン,match_keywords,4,2998,3998,False
セブン銀行 カードローン いつから返済,,,,,,,,,カードローン,match_keywords,9,7998,8998,False
セブン銀行 カードローン キャンペーン,,,,,,,,,カードローン,match_keywords,6,4998,5998,False
セブン銀行 カードローン クレジットカード,,,,,,,,,カードローン,match_keywords,9,7998,8998,False
セブン銀行 カードローン ダイレクト,,,,,,,,,カードローン,match_keywords,9,7998,8998,False
セブン銀行 カードローン ログイン,,,,,,,,,カードローン,match_keywords,4,2998,3998,False
セブン銀行 カードローン 一括返済,,,,,,,,,カードローン,match_keywords_limit300,6,2998,3598,False
セブン銀行 カードローン 他社借入,,,,,,,,,カードローン,match_keywords_limit300,6,2998,3598,False
セブン銀行 カードローン 何歳から,,,,,,,,,カードローン,match_keywords,5,3998,4998,False
セブン銀行 カードローン 利率,,,,,,,,,カードローン,match_keywords,4,2998,3998,False
セブン銀行 カードローン 問い合わせ,,,,,,,,,カードローン,match_keywords_limit300,5,2398,2998,False
セブン銀行 カードローン 在籍確認 知恵袋,,,,,,,,,カードローン,match_keywords_limit300_-cpc,5,2398,2998,False
セブン銀行 カードローン 在籍確認なし,,,,,,,,,カードローン,match_keywords_limit100,5,798,998,False
セブン銀行 カードローン 在籍確認なし 知恵袋,,,,,,,,,カードローン,match_keywords,10,8998,,False
セブン銀行 カードローン 審査いつ,,,,,,,,,カードローン,match_keywords,9,7998,8998,False
セブン銀行 カードローン 審査完了,,,,,,,,,カードローン,match_keywords,10,8998,,False
セブン銀行 カードローン 専業主婦,,,,,,,,,カードローン,match_keywords_limit50_-searchVolume,13,1498,1598,False
セブン銀行 カードローン 年齢制限,,,,,,,,,カードローン,match_keywords,4,2998,3998,False
セブン銀行 カードローン 引き落とし,,,,,,,,,カードローン,match_keywords_limit50_-searchVolume,18,5798,5898,False
セブン銀行 カードローン 本人確認,,,,,,,,,カードローン,match_keywords,4,2998,3998,False
セブン銀行 カードローン 無利息,,,,,,,,,カードローン,match_keywords,9,7998,8998,False
セブン銀行 カードローン 遅延,,,,,,,,,カードローン,match_keywords,9,7998,8998,False
セブン銀行 カードローン 郵送物なし,,,,,,,,,カードローン,match_keywords,4,2998,3998,False
セブン銀行 カードローン 銀行振込,,,,,,,,,カードローン,match_keywords,10,8998,,False
セブン銀行 カードローン 銀行系,,,,,,,,,カードローン,match_keywords,9,7998,8998,False
セブン銀行カードローン とは,,,,,,,,,カードローン,match_keywords,8,6998,7998,False
セブン銀行カードローン どれくらい,,,,,,,,,カードローン,match_keywords,9,7998,8998,False
セブン銀行カードローン なんj,,,,,,,,,カードローン,match_keywords,10,8998,,False
セブン銀行カードローン カードレス,,,,,,,,,カードローン,match_keywords,3,1998,2998,False
セブン銀行カードローン ダイレクトバンキング,,,,,,,,,カードローン,match_keywords,8,6998,7998,False
セブン銀行カードローン ローソン,,,,,,,,,カードローン,match_keywords,10,8998,,False
セブン銀行カードローン 上限,,,,,,,,,カードローン,match_keywords,5,3998,4998,False
セブン銀行カードローン 他社借入とは,,,,,,,,,カードローン,match_keywords,9,7998,8998,False
セブン銀行カードローン 債務整理,,,,,,,,,カードローン,match_keywords,9,7998,8998,False
セブン銀行カードローン 収入証明書,,,,,,,,,カードローン,match_keywords_limit100,15,2798,2998,False
セブン銀行カードローン 在籍確認 あっ た,,,,,,,,,カードローン,match_keywords_limit100,15,2798,2998,False
セブン銀行カードローン 在籍確認ある,,,,,,,,,カードローン,match_keywords,4,2998,3998,False
セブン銀行カードローン 増枠,,,,,,,,,カードローン,match_keywords,6,4998,5998,False
セブン銀行カードローン 審査 時間,,,,,,,,,カードローン,match_keywords_limit300,1,0,598,False
セブン銀行カードローン 審査 瞬殺 知恵袋,,,,,,,,,カードローン,match_keywords_limit100,9,1598,1798,False
セブン銀行カードローン 審査5ちゃんねる,,,,,,,,,カードローン,match_keywords,9,7998,8998,False
セブン銀行カードローン 審査どこ,,,,,,,,,カードローン,match_keywords,8,6998,7998,False
セブン銀行カードローン 審査結果,,,,,,,,,カードローン,match_keywords,5,3998,4998,False
セブン銀行カードローン 審査落ち メール,,,,,,,,,カードローン,match_keywords_limit50_-searchVolume,11,1298,1398,False
セブン銀行カードローン 引き出し,,,,,,,,,カードローン,match_keywords,10,8998,,False
セブン銀行カードローン 無職,,,,,,,,,カードローン,match_keywords_limit100,9,1598,1798,False
セブン銀行カードローン5ちゃんねる,,,,,,,,,カードローン,match_keywords,5,3998,4998,False
セブン銀行カードローンいくらまで,,,,,,,,,カードローン,match_keywords,9,7998,8998,False
セブン銀行カードローンいつ,,,,,,,,,カードローン,match_keywords,10,8998,,False
セブン銀行カードローンお問い合わせ,,,,,,,,,カードローン,match_keywords_limit100_-searchVolume,5,5798,5998,False
セブン銀行カードローンとは,,,,,,,,,カードローン,match_keywords,4,2998,3998,False
セブン銀行カードローンどこの会社,,,,,,,,,カードローン,match_keywords,9,7998,8998,False
セブン銀行カードローンのやり方,,,,,,,,,カードローン,match_keywords,9,7998,8998,False
セブン銀行カードローンの保証会社は,,,,,,,,,カードローン,match_keywords,9,7998,8998,False
セブン銀行カードローンの審査,,,,,,,,,カードローン,match_keywords,8,6998,7998,False
セブン銀行カードローンの審査は厳しいですか,,,,,,,,,カードローン,match_keywords,5,3998,4998,False
セブン銀行カードローンの金利,,,,,,,,,カードローン,match_keywords,8,6998,7998,False
セブン銀行カードローンの電話番号,,,,,,,,,カードローン,match_keywords,9,7998,8998,False
セブン銀行カードローンはどこの会社,,,,,,,,,カードローン,match_keywords,9,7998,8998,False
セブン銀行カードローンは審査厳しい,,,,,,,,,カードローン,match_keywords,9,7998,8998,False
セブン銀行カードローンは銀行系,,,,,,,,,カードローン,match_keywords,10,8998,,False
セブン銀行カードローン一括返済,,,,,,,,,カードローン,match_keywords_limit300,5,2398,2998,False
セブン銀行カードローン下ろし方,,,,,,,,,カードローン,match_keywords,9,7998,8998,False
セブン銀行カードローン会社,,,,,,,,,カードローン,match_keywords_limit300,9,4798,5398,False
セブン銀行カードローン何回払い,,,,,,,,,カードローン,match_keywords,10,8998,,False
セブン銀行カードローン何歳から,,,,,,,,,カードローン,match_keywords_limit300,7,3598,4198,False
セブン銀行カードローン写真撮影できない,,,,,,,,,カードローン,match_keywords,9,7998,8998,False
セブン銀行カードローン利率,,,,,,,,,カードローン,match_keywords_limit50_-searchVolume,35,3698,3798,False
セブン銀行カードローン審査 口コミ 知恵袋,,,,,,,,,カードローン,match_keywords_limit50_-searchVolume,9,1098,1198,False
セブン銀行カードローン審査 口コミ知恵袋,,,,,,,,,カードローン,match_keywords_limit100,7,1198,1398,False
セブン銀行カードローン審査会社,,,,,,,,,カードローン,match_keywords_limit300,9,4798,5398,False
セブン銀行カードローン審査結果 来ない 知恵袋,,,,,,,,,カードローン,match_keywords,10,8998,,False
セブン銀行カードローン審査落ち,,,,,,,,,カードローン,match_keywords,4,2998,3998,False
セブン銀行カードローン審査落ち メール,,,,,,,,,カードローン,match_keywords_limit100,6,998,1198,False
セブン銀行カードローン専業主婦,,,,,,,,,カードローン,match_keywords_limit100,9,1598,1798,False
セブン銀行カードローン引き出し方,,,,,,,,,カードローン,match_keywords,4,2998,3998,False
セブン銀行カードローン引き落とし日,,,,,,,,,カードローン,match_keywords,5,3998,4998,False
セブン銀行カードローン振込先,,,,,,,,,カードローン,match_keywords,9,7998,8998,False
セブン銀行カードローン支払い金額,,,,,,,,,カードローン,match_keywords,9,7998,8998,False
セブン銀行カードローン時間,,,,,,,,,カードローン,match_keywords_limit100_-searchVolume,1,4998,5198,False
セブン銀行カードローン月々返済額,,,,,,,,,カードローン,match_keywords,9,7998,8998,False
セブン銀行カードローン残高,,,,,,,,,カードローン,match_keywords,9,7998,8998,False
セブン銀行カードローン流れ,,,,,,,,,カードローン,match_keywords,5,3998,4998,False
セブン銀行カードローン甘い,,,,,,,,,カードローン,match_keywords_limit300,10,5398,5998,False
セブン銀行カードローン評判,,,,,,,,,カードローン,match_keywords,5,3998,4998,False
セブン銀行カードローン返済 遅れ,,,,,,,,,カードローン,match_keywords_limit300,6,2998,3598,False
セブン銀行カードローン返済方法,,,,,,,,,カードローン,match_keywords_limit50_-searchVolume,17,1898,1998,False
セブン銀行カードローン金利,,,,,,,,,カードローン,match_keywords_limit50_-searchVolume,9,1098,1198,False
セブン銀行カードローン限度額,,,,,,,,,カードローン,match_keywords_limit50_-searchVolume,26,2798,2898,False
セブン銀行カードローン電話,,,,,,,,,カードローン,match_keywords_limit50_-searchVolume,23,2498,2598,False
セブン銀行カードローン電話番号,,,,,,,,,カードローン,match_keywords_limit300_-cpc,5,2398,2998,False
ソニー銀行 カードローン atm,,,,,,,,,カードローン,match_keywords_limit300,9,4798,5398,False
ソニー銀行 カードローン シミュレーション,,,,,,,,,カードローン,match_keywords,6,4998,5998,False
ソニー銀行 カードローン 口コミ,,,,,,,,,カードローン,match_keywords,6,4998,5998,False
ソニー銀行 カードローン 年齢制限,,,,,,,,,カードローン,match_keywords,9,7998,8998,False
ソニー銀行 カードローン 解約,,,,,,,,,カードローン,match_keywords_limit300,13,7198,7798,False
ソニー銀行 カードローン 返済,,,,,,,,,カードローン,match_keywords_limit300,9,4798,5398,False
ソニー銀行カードローン シュミレーション,,,,,,,,,カードローン,match_keywords_limit300,10,5398,5998,False
ソニー銀行カードローン 口コミ,,,,,,,,,カードローン,match_keywords,5,3998,4998,False
ソニー銀行カードローン 在籍確認 知恵袋,,,,,,,,,カードローン,match_keywords,9,7998,8998,False
ソニー銀行カードローン 審査時間,,,,,,,,,カードローン,match_keywords,5,3998,4998,False
ソニー銀行カードローン 審査甘い,,,,,,,,,カードローン,match_keywords_limit300,4,1798,2398,False
ソニー銀行カードローン 知恵袋,,,,,,,,,カードローン,match_keywords,9,7998,8998,False
ソニー銀行カードローン 総量規制,,,,,,,,,カードローン,match_keywords,5,3998,4998,False
ソニー銀行カードローン 返済額,,,,,,,,,カードローン,match_keywords,5,3998,4998,False
ソニー銀行カードローン 郵送,,,,,,,,,カードローン,match_keywords,9,7998,8998,False
ソニー銀行カードローンcm女優,,,,,,,,,カードローン,match_keywords,5,3998,4998,False
ソニー銀行カードローン口コミ,,,,,,,,,カードローン,match_keywords_limit50_-searchVolume,9,4898,4998,False
ソニー銀行カードローン返済,,,,,,,,,カードローン,match_keywords_limit300,10,5398,5998,False
ソニー銀行カードローン返済額,,,,,,,,,カードローン,match_keywords,4,2998,3998,False
ダイナース キャッシング カードローン 違い,,,,,,,,,カードローン,match_keywords,9,7998,8998,False
ダイナースクラブ カードローン,,,,,,,,,カードローン,match_keywords,9,7998,8998,False
ダイレクトワン カードローン,,,,,,,,,カードローン,match_keywords,4,2998,3998,False
ダイレクトワンの カードローン,,,,,,,,,カードローン,match_keywords,9,7998,8998,False
トマト カードローン,,,,,,,,,カードローン,match_keywords,6,4998,5998,False
トマト・カードローンmax,,,,,,,,,カードローン,match_keywords,10,8998,,False
トマト銀行カードローン,,,,,,,,,カードローン,match_keywords_limit300,3,1198,1798,False
トマト銀行カードローン 口コミ,,,,,,,,,カードローン,match_keywords_limit300,10,5398,5998,False
トマト銀行カードローン 在籍確認,,,,,,,,,カードローン,match_keywords,6,4998,5998,False
トマト銀行カードローン保証会社,,,,,,,,,カードローン,match_keywords,5,3998,4998,False
トヨタファイナンス カードローン,,,,,,,,,カードローン,match_keywords_limit50_-searchVolume,5,4498,4598,False
ドコモカード カードローン,,,,,,,,,カードローン,match_keywords,9,7998,8998,False
ネット銀行 カードローン 借り換え,,,,,,,,,カードローン,match_keywords,9,7998,8998,False
ネット銀行カードローン,,,,,,,,,カードローン,match_keywords_limit100,8,1398,1598,False
ネット銀行カードローン 在籍確認なし,,,,,,,,,カードローン,match_keywords_limit50_-searchVolume,11,1298,1398,False
ネット銀行系カードローン,,,,,,,,,カードローン,match_keywords,9,7998,8998,False
ノーローン カードローン,,,,,,,,,カードローン,match_keywords,6,4998,5998,False
バレないカードローン 審査,,,,,,,,,カードローン,match_keywords,9,7998,8998,False
バレにくいカードローン,,,,,,,,,カードローン,match_keywords,9,7998,8998,False
バンクイックはどこの会社のカードローンですか,,,,,,,,,カードローン,match_keywords,9,7998,8998,False
バンクイックはカードローン,,,,,,,,,カードローン,match_keywords,10,8998,,False
バンクイックは銀行カードローン,,,,,,,,,カードローン,match_keywords,6,4998,5998,False
バン仲村カードローン,,,,,,,,,カードローン,match_keywords,9,7998,8998,False
ビジネスローンとカードローンの違い,,,,,,,,,カードローン,match_keywords,10,8998,,False
フリーローンかカードローン,,,,,,,,,カードローン,match_keywords,9,7998,8998,False
フリーローンとカードローンどっちがいい,,,,,,,,,カードローン,match_keywords,10,8998,,False
フリーローンとカードローンの違いは,,,,,,,,,カードローン,match_keywords,9,7998,8998,False
フリーローンとカードローンの違いは何,,,,,,,,,カードローン,match_keywords,9,7998,8998,False
ブライダル カードローン,,,,,,,,,カードローン,match_keywords,9,7998,8998,False
ブラックでも申し込めるカードローン,,,,,,,,,カードローン,match_keywords,9,7998,8998,False
ブラックリスト カードローン 通った,,,,,,,,,カードローン,match_keywords_limit300,3,1198,1798,False
プラン カードローン,,,,,,,,,カードローン,match_keywords,6,4998,5998,False
プランネル カードローン,,,,,,,,,カードローン,match_keywords,5,3998,4998,False
プログレス カードローン,,,,,,,,,カードローン,match_keywords,9,7998,8998,False
プロミス visa カードローン,,,,,,,,,カードローン,match_keywords,10,8998,,False
プロミス カードローン 年齢,,,,,,,,,カードローン,match_keywords,9,7998,8998,False
ベルーナノーティス カードローン,,,,,,,,,カードローン,match_keywords,9,7998,8998,False
ペイペイ銀行 カードローン 一括返済,,,,,,,,,カードローン,match_keywords_limit300,9,4798,5398,False
ペイペイ銀行 カードローン 返済,,,,,,,,,カードローン,match_keywords,5,3998,4998,False
ペイペイ銀行 カードローン審査,,,,,,,,,カードローン,match_keywords_limit50_-searchVolume,11,1298,1398,False
ペイペイ銀行 カードローン特典,,,,,,,,,カードローン,match_keywords_limit100_-searchVolume,2,5198,5398,False
ペイペイ銀行カードローン 在籍確認,,,,,,,,,カードローン,match_keywords_limit100,9,1598,1798,False
マイプラン カードローン,,,,,,,,,カードローン,match_keywords,9,7998,8998,False
マネット カードローン比較,,,,,,,,,カードローン,match_keywords,9,7998,8998,False
マリオットボンヴォイ カードローン,,,,,,,,,カードローン,match_keywords,9,7998,8998,False
マルイ カードローン,,,,,,,,,カードローン,match_keywords_limit300,7,3598,4198,False
ライフティのカードローン,,,,,,,,,カードローン,match_keywords,9,7998,8998,False
リボ払い カードローン,,,,,,,,,カードローン,match_keywords_limit300,4,1798,2398,False
リボ払いとカードローン どっちがいい 知恵袋,,,,,,,,,カードローン,match_keywords_limit300,5,2398,2998,False
レクサスカード カードローン,,,,,,,,,カードローン,match_keywords,9,7998,8998,False
ローン カードローン 違い,,,,,,,,,カードローン,match_keywords,5,3998,4998,False
一人暮らし 初期費用 カードローン,,,,,,,,,カードローン,match_keywords,10,8998,,False
一括返済 カードローン 違い,,,,,,,,,カードローン,match_keywords,9,7998,8998,False
一括返済とカードローンの違い,,,,,,,,,カードローン,match_keywords,10,8998,,False
七十七銀行 カードローン 借り方,,,,,,,,,カードローン,match_keywords_limit50_-searchVolume,29,3098,3198,False
三井カードローン,,,,,,,,,カードローン,match_keywords_limit100,9,1598,1798,False
三井住友 カードローン dm,,,,,,,,,カードローン,match_keywords,10,8998,,False
三井住友 カードローン カード発行,,,,,,,,,カードローン,match_keywords_limit300,9,4798,5398,False
三井住友 カードローン キャッシュカード,,,,,,,,,カードローン,match_keywords_limit300,8,4198,4798,False
三井住友 カードローン キャッシング 違い,,,,,,,,,カードローン,match_keywords,9,7998,8998,False
三井住友 カードローン キャンペーン,,,,,,,,,カードローン,match_keywords,4,2998,3998,False
三井住友 カードローン コンビニ,,,,,,,,,カードローン,match_keywords,4,2998,3998,False
三井住友 カードローン ハガキ,,,,,,,,,カードローン,match_keywords,6,4998,5998,False
三井住友 カードローン フリーローン,,,,,,,,,カードローン,match_keywords,10,8998,,False
三井住友 カードローン フリーローン 違い,,,,,,,,,カードローン,match_keywords,10,8998,,False
三井住友 カードローン 一括返済,,,,,,,,,カードローン,match_keywords_limit50_-searchVolume,17,1898,1998,False
三井住友 カードローン 上限,,,,,,,,,カードローン,match_keywords_limit50_-searchVolume,18,5798,5898,False
三井住友 カードローン 住所変更,,,,,,,,,カードローン,match_keywords,5,3998,4998,False
三井住友 カードローン 使い方,,,,,,,,,カードローン,match_keywords,4,2998,3998,False
三井住友 カードローン 保証会社,,,,,,,,,カードローン,match_keywords,4,2998,3998,False
三井住友 カードローン 保険証,,,,,,,,,カードローン,match_keywords,10,8998,,False
三井住友 カードローン 借りれない,,,,,,,,,カードローン,match_keywords_limit100_-searchVolume,5,5798,5998,False
三井住友 カードローン 借入,,,,,,,,,カードローン,match_keywords_limit100_-searchVolume,1,4998,5198,False
三井住友 カードローン 借入方法,,,,,,,,,カードローン,match_keywords_limit300,9,4798,5398,False
三井住友 カードローン 利息,,,,,,,,,カードローン,match_keywords,4,2998,3998,False
三井住友 カードローン 口コミ,,,,,,,,,カードローン,match_keywords,5,3998,4998,False
三井住友 カードローン 口座開設,,,,,,,,,カードローン,match_keywords_limit100_-searchVolume,4,5598,5798,False
三井住友 カードローン 営業時間,,,,,,,,,カードローン,match_keywords,6,4998,5998,False
三井住友 カードローン 増枠,,,,,,,,,カードローン,match_keywords_limit50_-searchVolume,11,5098,5198,False
三井住友 カードローン 審査 時間,,,,,,,,,カードローン,match_keywords_limit50_-searchVolume,17,1898,1998,False
三井住友 カードローン 審査結果,,,,,,,,,カードローン,match_keywords_limit300,8,4198,4798,False
三井住友 カードローン 年齢,,,,,,,,,カードローン,match_keywords,8,6998,7998,False
三井住友 カードローン 店舗,,,,,,,,,カードローン,match_keywords_limit300,9,4798,5398,False
三井住友 カードローン 引き上げ,,,,,,,,,カードローン,match_keywords,9,7998,8998,False
三井住友 カードローン 引き出し,,,,,,,,,カードローン,match_keywords,8,6998,7998,False
三井住友 カードローン 手数料,,,,,,,,,カードローン,match_keywords,6,4998,5998,False
三井住友 カードローン 支払い,,,,,,,,,カードローン,match_keywords_limit100_-searchVolume,5,5798,5998,False
三井住友 カードローン 日曜日,,,,,,,,,カードローン,match_keywords,10,8998,,False
三井住友 カードローン 時間,,,,,,,,,カードローン,match_keywords_limit50_-searchVolume,7,4698,4798,False
三井住友 カードローン 暗証番号,,,,,,,,,カードローン,match_keywords_limit300_-cpc,10,5398,5998,False
三井住友 カードローン 流れ,,,,,,,,,カードローン,match_keywords_limit300,9,4798,5398,False
三井住友 カードローン 申し込み,,,,,,,,,カードローン,match_keywords,4,2998,3998,False
三井住友 カードローン 知恵袋,,,,,,,,,カードローン,match_keywords,7,5998,6998,False
三井住友 カードローン 確認,,,,,,,,,カードローン,match_keywords,5,3998,4998,False
三井住友 カードローン 総量規制,,,,,,,,,カードローン,match_keywords,4,2998,3998,False
三井住友 カードローン 落ちた,,,,,,,,,カードローン,match_keywords,6,4998,5998,False
三井住友 カードローン 返済 ネット,,,,,,,,,カードローン,match_keywords,10,8998,,False
三井住友 カードローン 遅延損害金,,,,,,,,,カードローン,match_keywords,10,8998,,False
三井住友 カードローン 過払い金,,,,,,,,,カードローン,match_keywords_limit100_-searchVolume,8,4398,4598,False
三井住友 カードローン 違い,,,,,,,,,カードローン,match_keywords,10,8998,,False
三井住友 カードローン 限度額,,,,,,,,,カードローン,match_keywords,4,2998,3998,False
三井住友 カードローン 電話,,,,,,,,,カードローン,match_keywords_limit100,9,1598,1798,False
三井住友 カードローンとは,,,,,,,,,カードローン,match_keywords,4,2998,3998,False
三井住友 カードローン問い合わせ,,,,,,,,,カードローン,match_keywords_limit300,4,1798,2398,False
三井住友 カードローン増額,,,,,,,,,カードローン,match_keywords_limit50_-searchVolume,13,1498,1598,False
三井住友 カードローン契約機,,,,,,,,,カードローン,match_keywords,4,2998,3998,False
三井住友 カードローン解約,,,,,,,,,カードローン,match_keywords_limit100,12,2198,2398,False
三井住友 キャッシングリボ カードローン,,,,,,,,,カードローン,match_keywords,10,8998,,False
三井住友カード カードローン カードレス,,,,,,,,,カードローン,match_keywords,10,8998,,False
三井住友カード カードローン ログイン,,,,,,,,,カードローン,match_keywords,5,3998,4998,False
三井住友カード カードローンとは,,,,,,,,,カードローン,match_keywords,9,7998,8998,False
三井住友カードローン 100万,,,,,,,,,カードローン,match_keywords,9,7998,8998,False
三井住友カードローン 300万,,,,,,,,,カードローン,match_keywords,10,8998,,False
三井住友カードローン 3ヶ月,,,,,,,,,カードローン,match_keywords,9,7998,8998,False
三井住友カードローン 5ch,,,,,,,,,カードローン,match_keywords,10,8998,,False
三井住友カードローン cm 芸人,,,,,,,,,カードローン,match_keywords,4,2998,3998,False
三井住友カードローン いくらから,,,,,,,,,カードローン,match_keywords,10,8998,,False
三井住友カードローン いつ届く,,,,,,,,,カードローン,match_keywords,8,6998,7998,False
三井住友カードローン おろし方,,,,,,,,,カードローン,match_keywords,10,8998,,False
三井住友カードローン ゆうちょatm,,,,,,,,,カードローン,match_keywords,10,8998,,False
三井住友カードローン カードいつ届く,,,,,,,,,カードローン,match_keywords_limit100_-searchVolume,8,4398,4598,False
三井住友カードローン カードレス,,,,,,,,,カードローン,match_keywords,4,2998,3998,False
三井住友カードローン カードレス 使い方,,,,,,,,,カードローン,match_keywords,10,8998,,False
三井住友カードローン シミュレーション,,,,,,,,,カードローン,match_keywords_limit50_-searchVolume,11,1298,1398,False
三井住友カードローン プロミス,,,,,,,,,カードローン,match_keywords,5,3998,4998,False
三井住友カードローン 一括返済,,,,,,,,,カードローン,match_keywords_limit300,4,1798,2398,False
三井住友カードローン 三井住友銀行カードローン,,,,,,,,,カードローン,match_keywords,10,8998,,False
三井住友カードローン 事業資金,,,,,,,,,カードローン,match_keywords,9,7998,8998,False
三井住友カードローン 他社借入,,,,,,,,,カードローン,match_keywords,6,4998,5998,False
三井住友カードローン 保証人,,,,,,,,,カードローン,match_keywords,9,7998,8998,False
三井住友カードローン 借り方,,,,,,,,,カードローン,match_keywords_limit50_-searchVolume,17,1898,1998,False
三井住友カードローン 収入証明書,,,,,,,,,カードローン,match_keywords_limit100,15,2798,2998,False
三井住友カードローン 口座開設中,,,,,,,,,カードローン,match_keywords,9,7998,8998,False
三井住友カードローン 在籍確認,,,,,,,,,カードローン,match_keywords_limit300,3,1198,1798,False
三井住友カードローン 増額,,,,,,,,,カードローン,match_keywords_limit100,9,1598,1798,False
三井住友カードローン 審査時間,,,,,,,,,カードローン,match_keywords_limit50_-searchVolume,19,2098,2198,False
三井住友カードローン 年収,,,,,,,,,カードローン,match_keywords,10,8998,,False
三井住友カードローン 枠,,,,,,,,,カードローン,match_keywords,10,8998,,False
三井住友カードローン 死亡,,,,,,,,,カードローン,match_keywords,4,2998,3998,False
三井住友カードローン 現金,,,,,,,,,カードローン,match_keywords,9,7998,8998,False
三井住友カードローン 転職,,,,,,,,,カードローン,match_keywords,10,8998,,False
三井住友カードローン 返済忘れ,,,,,,,,,カードローン,match_keywords,9,7998,8998,False
三井住友カードローン 追加借入,,,,,,,,,カードローン,match_keywords,6,4998,5998,False
三井住友カードローン 退会,,,,,,,,,カードローン,match_keywords,9,7998,8998,False
三井住友カードローン 通常審査,,,,,,,,,カードローン,match_keywords,9,7998,8998,False
三井住友カードローン 金利 無料,,,,,,,,,カードローン,match_keywords,6,4998,5998,False
三井住友カードローン 銀行口座,,,,,,,,,カードローン,match_keywords,9,7998,8998,False
三井住友カードローン 銀行系,,,,,,,,,カードローン,match_keywords,10,8998,,False
三井住友カードローン 難易度,,,,,,,,,カードローン,match_keywords,9,7998,8998,False
三井住友カードローン 電話,,,,,,,,,カードローン,match_keywords_limit50_-searchVolume,13,1498,1598,False
三井住友カードローンと三井住友銀行カードローン,,,,,,,,,カードローン,match_keywords,10,8998,,False
三井住友カードローン審査 時間,,,,,,,,,カードローン,match_keywords_limit100,10,1798,1998,False
三井住友銀行 カードローン 18歳,,,,,,,,,カードローン,match_keywords,9,7998,8998,False
三井住友銀行 カードローン atm 操作方法,,,,,,,,,カードローン,match_keywords_limit300,4,1798,2398,False
三井住友銀行 カードローン おまとめローン,,,,,,,,,カードローン,match_keywords,5,3998,4998,False
三井住友銀行 カードローン クレジットカード,,,,,,,,,カードローン,match_keywords,8,6998,7998,False
三井住友銀行 カードローン ダイレクト,,,,,,,,,カードローン,match_keywords,9,7998,8998,False
三井住友銀行 カードローン ログイン,,,,,,,,,カードローン,match_keywords_limit100,5,798,998,False
三井住友銀行 カードローン 仮審査 通った 本審査 落ちた,,,,,,,,,カードローン,match_keywords_limit50_-searchVolume,19,2098,2198,False
三井住友銀行 カードローン 何日,,,,,,,,,カードローン,match_keywords,9,7998,8998,False
三井住友銀行 カードローン 何歳から,,,,,,,,,カードローン,match_keywords,8,6998,7998,False
三井住友銀行 カードローン 借入,,,,,,,,,カードローン,match_keywords_limit50_-searchVolume,14,5398,5498,False
三井住友銀行 カードローン 利息,,,,,,,,,カードローン,match_keywords_limit100_-searchVolume,2,3198,3398,False
三井住友銀行 カードローン 契約機,,,,,,,,,カードローン,match_keywords,4,2998,3998,False
三井住友銀行 カードローン 審査 厳しい,,,,,,,,,カードローン,match_keywords_limit300,6,2998,3598,False
三井住友銀行 カードローン 審査 甘い,,,,,,,,,カードローン,match_keywords_limit50_-searchVolume,13,1498,1598,False
三井住友銀行 カードローン 審査 落ちた,,,,,,,,,カードローン,match_keywords_limit300,5,2398,2998,False
三井住友銀行 カードローン 本人確認書類,,,,,,,,,カードローン,match_keywords,5,3998,4998,False
三井住友銀行 カードローン 流れ,,,,,,,,,カードローン,match_keywords_limit300,9,4798,5398,False
三井住友銀行 カードローン 無利息期間,,,,,,,,,カードローン,match_keywords,9,7998,8998,False
三井住友銀行 カードローン 知恵袋,,,,,,,,,カードローン,match_keywords,6,4998,5998,False
三井住友銀行 カードローン 返済計画,,,,,,,,,カードローン,match_keywords,9,7998,8998,False
三井住友銀行 カードローン 追加融資,,,,,,,,,カードローン,match_keywords,6,4998,5998,False
三井住友銀行 カードローン 銀行振込,,,,,,,,,カードローン,match_keywords,9,7998,8998,False
三井住友銀行 カードローンとは,,,,,,,,,カードローン,match_keywords,5,3998,4998,False
三井住友銀行カードローン 5ch,,,,,,,,,カードローン,match_keywords,6,4998,5998,False
三井住友銀行カードローン いつから使える,,,,,,,,,カードローン,match_keywords_limit300,10,5398,5998,False
三井住友銀行カードローン おまとめローン,,,,,,,,,カードローン,match_keywords_limit100_-searchVolume,8,4398,4598,False
三井住友銀行カードローン キャッシュカード,,,,,,,,,カードローン,match_keywords_limit100_-searchVolume,1,4998,5198,False
三井住友銀行カードローン クレファン,,,,,,,,,カードローン,match_keywords,9,7998,8998,False
三井住友銀行カードローン ログインできない,,,,,,,,,カードローン,match_keywords_limit100_-searchVolume,3,3398,3598,False
三井住友銀行カードローン 仮審査 通った 本審査落ちた,,,,,,,,,カードローン,match_keywords_limit50_-searchVolume,17,1898,1998,False
三井住友銀行カードローン 任意整理,,,,,,,,,カードローン,match_keywords,6,4998,5998,False
三井住友銀行カードローン 保険証,,,,,,,,,カードローン,match_keywords,10,8998,,False
三井住友銀行カードローン 借り入れ できない,,,,,,,,,カードローン,match_keywords,4,2998,3998,False
三井住友銀行カードローン 借入,,,,,,,,,カードローン,match_keywords,6,4998,5998,False
三井住友銀行カードローン 利率,,,,,,,,,カードローン,match_keywords,4,2998,3998,False
三井住友銀行カードローン 口座開設中,,,,,,,,,カードローン,match_keywords_limit300,8,4198,4798,False
三井住友銀行カードローン 営業日,,,,,,,,,カードローン,match_keywords,8,6998,7998,False
三井住友銀行カードローン 学生,,,,,,,,,カードローン,match_keywords,5,3998,4998,False
三井住友銀行カードローン 審査 口コミ,,,,,,,,,カードローン,match_keywords_limit100,9,1598,1798,False
三井住友銀行カードローン 審査 時間,,,,,,,,,カードローン,match_keywords_limit100,9,1598,1798,False
三井住友銀行カードローン 審査時間,,,,,,,,,カードローン,match_keywords_limit50_-searchVolume,11,1298,1398,False
三井住友銀行カードローン 審査甘い,,,,,,,,,カードローン,match_keywords_limit100,8,1398,1598,False
三井住友銀行カードローン 専業主婦,,,,,,,,,カードローン,match_keywords,6,4998,5998,False
三井住友銀行カードローン 引き落とし,,,,,,,,,カードローン,match_keywords_limit300,10,5398,5998,False
三井住友銀行カードローン 振込,,,,,,,,,カードローン,match_keywords_limit300,9,4798,5398,False
三井住友銀行カードローン 振込先,,,,,,,,,カードローン,match_keywords,5,3998,4998,False
三井住友銀行カードローン 明細書,,,,,,,,,カードローン,match_keywords_limit300,8,4198,4798,False
三井住友銀行カードローン 派遣,,,,,,,,,カードローン,match_keywords_limit300,13,7198,7798,False
三井住友銀行カードローン 申し込み 流れ,,,,,,,,,カードローン,match_keywords,9,7998,8998,False
三井住友銀行カードローン 申込方法,,,,,,,,,カードローン,match_keywords,7,5998,6998,False
三井住友銀行カードローン 窓口,,,,,,,,,カードローン,match_keywords,5,3998,4998,False
三井住友銀行カードローン 評判,,,,,,,,,カードローン,match_keywords,5,3998,4998,False
三井住友銀行カードローン 転職,,,,,,,,,カードローン,match_keywords,9,7998,8998,False
三井住友銀行カードローン 返済シミュレーション,,,,,,,,,カードローン,match_keywords_limit100,9,1598,1798,False
三井住友銀行カードローン 返済金額,,,,,,,,,カードローン,match_keywords,5,3998,4998,False
三井住友銀行カードローン 返済額,,,,,,,,,カードローン,match_keywords_limit300,3,1198,1798,False
三井住友銀行カードローン 返済額 表,,,,,,,,,カードローン,match_keywords_limit300,2,598,1198,False
三井住友銀行カードローン 追加融資,,,,,,,,,カードローン,match_keywords_limit300,10,5398,5998,False
三井住友銀行カードローン 通知,,,,,,,,,カードローン,match_keywords,9,7998,8998,False
三井住友銀行カードローン 郵送 なし,,,,,,,,,カードローン,match_keywords,5,3998,4998,False
三井住友銀行カードローンおまとめローン,,,,,,,,,カードローン,match_keywords,5,3998,4998,False
三井住友銀行カードローンお問い合わせ,,,,,,,,,カードローン,match_keywords,6,4998,5998,False
三井住友銀行カードローンと三井住友カードローンの違い,,,,,,,,,カードローン,match_keywords,8,6998,7998,False
三井住友銀行カードローンのお知らせ,,,,,,,,,カードローン,match_keywords,10,8998,,False
三井住友銀行カードローンのアプリ,,,,,,,,,カードローン,match_keywords,9,7998,8998,False
三井住友銀行カードローンのカード,,,,,,,,,カードローン,match_keywords,8,6998,7998,False
三井住友銀行カードローンの使い方,,,,,,,,,カードローン,match_keywords,10,8998,,False
三井住友銀行カードローンの申し込み,,,,,,,,,カードローン,match_keywords,9,7998,8998,False
三井住友銀行カードローンの電話番号,,,,,,,,,カードローン,match_keywords,9,7998,8998,False
三井住友銀行カードローンは消費者金融ですか,,,,,,,,,カードローン,match_keywords,8,6998,7998,False
三井住友銀行カードローンばれる,,,,,,,,,カードローン,match_keywords,9,7998,8998,False
三井住友銀行カードローン仮審査,,,,,,,,,カードローン,match_keywords_limit100_-searchVolume,5,5798,5998,False
三井住友銀行カードローン仮審査通った本審査落ちた,,,,,,,,,カードローン,match_keywords_limit300,4,1798,2398,False
三井住友銀行カードローン借り方,,,,,,,,,カードローン,match_keywords,4,2998,3998,False
三井住友銀行カードローン即日,,,,,,,,,カードローン,match_keywords_limit100_-searchVolume,5,3798,3998,False
三井住友銀行カードローン口座,,,,,,,,,カードローン,match_keywords,5,3998,4998,False
三井住友銀行カードローン口座番号,,,,,,,,,カードローン,match_keywords_limit300,9,4798,5398,False
三井住友銀行カードローン増額,,,,,,,,,カードローン,match_keywords_limit100,5,798,998,False
三井住友銀行カードローン契約期限,,,,,,,,,カードローン,match_keywords_limit300,10,5398,5998,False
三井住友銀行カードローン契約機場所,,,,,,,,,カードローン,match_keywords_limit50_-searchVolume,15,5498,5598,False
三井住友銀行カードローン審査会社,,,,,,,,,カードローン,match_keywords,10,8998,,False
三井住友銀行カードローン審査落ち 連絡,,,,,,,,,カードローン,match_keywords_limit300,4,1798,2398,False
三井住友銀行カードローン引き落とし日,,,,,,,,,カードローン,match_keywords,5,3998,4998,False
三井住友銀行カードローン必要書類,,,,,,,,,カードローン,match_keywords_limit100_-searchVolume,8,4398,4598,False
三井住友銀行カードローン支払い方法,,,,,,,,,カードローン,match_keywords,10,8998,,False
三井住友銀行カードローン返済,,,,,,,,,カードローン,match_keywords_limit50_-searchVolume,9,1098,1198,False
三井住友銀行カードローン返済 口座,,,,,,,,,カードローン,match_keywords,4,2998,3998,False
三井住友銀行カードローン返済方法,,,,,,,,,カードローン,match_keywords_limit100,5,798,998,False
三井住友銀行カードローン返済相談,,,,,,,,,カードローン,match_keywords,9,7998,8998,False
三井住友銀行カードローン金利,,,,,,,,,カードローン,match_keywords_limit100,5,798,998,False
三井住友銀行カードローン金利一覧,,,,,,,,,カードローン,match_keywords,9,7998,8998,False
三菱ufj のカードローン,,,,,,,,,カードローン,match_keywords,9,7998,8998,False
三菱ufj カードローン おまとめローン,,,,,,,,,カードローン,match_keywords,9,7998,8998,False
三菱ufj カードローン カードなし,,,,,,,,,カードローン,match_keywords,10,8998,,False
三菱ufj カードローン カードレス,,,,,,,,,カードローン,match_keywords,10,8998,,False
三菱ufjカードローン シュミレーション,,,,,,,,,カードローン,match_keywords,5,3998,4998,False
三菱ufjカードローン 解約,,,,,,,,,カードローン,match_keywords,5,3998,4998,False
三菱ufjカードローン解約,,,,,,,,,カードローン,match_keywords_limit50_-searchVolume,9,4898,4998,False
三菱ufj銀行 カードローン 審査,,,,,,,,,カードローン,match_keywords_limit100,9,1598,1798,False
三菱ufj銀行 カードローン 年齢制限,,,,,,,,,カードローン,match_keywords,9,7998,8998,False
三菱ufj銀行カードローン（バンクイック）,,,,,,,,,カードローン,match_keywords,9,7998,8998,False
不動産担保ローン カードローン,,,,,,,,,カードローン,match_keywords,8,6998,7998,False
中小 カードローン審査甘い,,,,,,,,,カードローン,match_keywords_limit300_-cpc,7,3598,4198,False
中小企業カードローン,,,,,,,,,カードローン,match_keywords_limit300,4,1798,2398,False
中銀カードローン,,,,,,,,,カードローン,match_keywords_limit100,5,798,998,False
亡くなった人 のカードローン,,,,,,,,,カードローン,match_keywords,5,3998,4998,False
京葉銀行 カードローン 返済額,,,,,,,,,カードローン,match_keywords,9,7998,8998,False
京葉銀行カードローン,,,,,,,,,カードローン,match_keywords_limit100,9,1598,1798,False
京都銀行 カードローン2,,,,,,,,,カードローン,match_keywords,9,7998,8998,False
今すぐカードローン,,,,,,,,,カードローン,match_keywords,4,2998,3998,False
他社のカードローン,,,,,,,,,カードローン,match_keywords,9,7998,8998,False
他社のカードローンとは,,,,,,,,,カードローン,match_keywords,10,8998,,False
他社カードローン,,,,,,,,,カードローン,match_keywords,9,7998,8998,False
他社カードローン 銀行,,,,,,,,,カードローン,match_keywords,9,7998,8998,False
他社カードローンのお借入額,,,,,,,,,カードローン,match_keywords,9,7998,8998,False
他社借り入れ カードローン,,,,,,,,,カードローン,match_keywords_limit300_-cpc,8,4198,4798,False
他社借入 カードローン,,,,,,,,,カードローン,match_keywords,5,3998,4998,False
他社借入 銀行カードローン含む,,,,,,,,,カードローン,match_keywords_limit300,7,3598,4198,False
他社借入があってもカードローンは組めるか,,,,,,,,,カードローン,match_keywords,9,7998,8998,False
他社借入があっても借りれるカードローン,,,,,,,,,カードローン,match_keywords,10,8998,,False
他社借入金額 銀行カードローン,,,,,,,,,カードローン,match_keywords,9,7998,8998,False
仙台銀行カードローンneo,,,,,,,,,カードローン,match_keywords,5,3998,4998,False
令和カードローン,,,,,,,,,カードローン,match_keywords,6,4998,5998,False
任意整理後 カードローン 通った,,,,,,,,,カードローン,match_keywords,9,7998,8998,False
会社に連絡行かないカードローン,,,,,,,,,カードローン,match_keywords,6,4998,5998,False
会社員 おすすめ カードローン,,,,,,,,,カードローン,match_keywords,8,6998,7998,False
但馬銀行カードローン 残高 確認,,,,,,,,,カードローン,match_keywords,6,4998,5998,False
但馬銀行カードローン 返済額,,,,,,,,,カードローン,match_keywords_limit100_-searchVolume,5,5798,5998,False
低金利 カードローン 借り換え,,,,,,,,,カードローン,match_keywords_limit50_-searchVolume,33,3498,3598,False
低金利カードローン 比較,,,,,,,,,カードローン,match_keywords_limit300,11,5998,6598,False
住 信 sbiネット銀行カードローン 審査 口コミ,,,,,,,,,カードローン,match_keywords,9,7998,8998,False
住 信 sbiネット銀行カードローン審査落ち,,,,,,,,,カードローン,match_keywords_limit300,7,3598,4198,False
住信sbi カードローン,,,,,,,,,カードローン,match_keywords_limit50_-searchVolume,13,1498,1598,False
住信sbi カードローン フリーローン 違い,,,,,,,,,カードローン,match_keywords,9,7998,8998,False
住信sbi カードローン 審査 日数,,,,,,,,,カードローン,match_keywords,5,3998,4998,False
住信sbiカードローン 在籍確認,,,,,,,,,カードローン,match_keywords_limit300_-cpc,7,3598,4198,False
住信sbiネット銀行 カードローン atm,,,,,,,,,カードローン,match_keywords,9,7998,8998,False
住信sbiネット銀行 カードローン キャンペーン,,,,,,,,,カードローン,match_keywords,5,3998,4998,False
住信sbiネット銀行 カードローン シミュレーション,,,,,,,,,カードローン,match_keywords,10,8998,,False
住信sbiネット銀行 カードローン 口コミ,,,,,,,,,カードローン,match_keywords,5,3998,4998,False
住信sbiネット銀行 カードローン 審査落ち,,,,,,,,,カードローン,match_keywords,4,2998,3998,False
住信sbiネット銀行 カードローン 本審査,,,,,,,,,カードローン,match_keywords,9,7998,8998,False
住信sbiネット銀行 カードローン 解約,,,,,,,,,カードローン,match_keywords,5,3998,4998,False
住信sbiネット銀行 カードローン 解約証明書,,,,,,,,,カードローン,match_keywords,9,7998,8998,False
住信sbiネット銀行 カードローン 評判,,,,,,,,,カードローン,match_keywords_limit300,10,5398,5998,False
住信sbiネット銀行 カードローンとは,,,,,,,,,カードローン,match_keywords,10,8998,,False
住信sbiネット銀行 カードローン返済,,,,,,,,,カードローン,match_keywords,6,4998,5998,False
住信sbiネット銀行カードローン キャンペーン,,,,,,,,,カードローン,match_keywords_limit300,9,4798,5398,False
住信sbiネット銀行カードローン 仮審査,,,,,,,,,カードローン,match_keywords_limit300,10,5398,5998,False
住信sbiネット銀行カードローン 借り換え,,,,,,,,,カードローン,match_keywords_limit300_-cpc,9,4798,5398,False
住信sbiネット銀行カードローン 増額,,,,,,,,,カードローン,match_keywords,5,3998,4998,False
住信sbiネット銀行カードローン 返済方法,,,,,,,,,カードローン,match_keywords_limit50_-searchVolume,15,5498,5598,False
住信sbiネット銀行カードローン 返済額,,,,,,,,,カードローン,match_keywords_limit100_-searchVolume,3,3398,3598,False
住信sbiネット銀行カードローン審査時間,,,,,,,,,カードローン,match_keywords,5,3998,4998,False
住信ネット銀行 カードローン,,,,,,,,,カードローン,match_keywords,6,4998,5998,False
住宅ローンにカードローンを組み込む,,,,,,,,,カードローン,match_keywords,5,3998,4998,False
使わないカードローン,,,,,,,,,カードローン,match_keywords,9,7998,8998,False
信用できるカードローン,,,,,,,,,カードローン,match_keywords,9,7998,8998,False
信用金庫 カードローン,,,,,,,,,カードローン,match_keywords_limit100,9,1598,1798,False
信用金庫のカードローン,,,,,,,,,カードローン,match_keywords_limit50_-searchVolume,13,1498,1598,False
信用金庫カードローン審査甘い,,,,,,,,,カードローン,match_keywords_limit50_-searchVolume,33,3498,3598,False
個人事業主 カードローン審査 甘い,,,,,,,,,カードローン,match_keywords,4,2998,3998,False
個人再生後 カードローン,,,,,,,,,カードローン,match_keywords,7,5998,6998,False
借りた覚えがないカードローン,,,,,,,,,カードローン,match_keywords,9,7998,8998,False
借りれるくんカードローン 口コミ,,,,,,,,,カードローン,match_keywords,6,4998,5998,False
借り入れできるカードローン,,,,,,,,,カードローン,match_keywords,10,8998,,False
借り換えカードローン,,,,,,,,,カードローン,match_keywords_limit300,4,1798,2398,False
借入 即日 カードローン,,,,,,,,,カードローン,match_keywords,8,6998,7998,False
債務整理中 カードローン,,,,,,,,,カードローン,match_keywords,4,2998,3998,False
債務整理後 カードローン,,,,,,,,,カードローン,match_keywords,5,3998,4998,False
全国対応地方銀行カードローン,,,,,,,,,カードローン,match_keywords_limit100,15,2798,2998,False
全国対応銀行カードローン,,,,,,,,,カードローン,match_keywords,4,2998,3998,False
利率の低いカードローン,,,,,,,,,カードローン,match_keywords,5,3998,4998,False
副業 詐欺 カードローン,,,,,,,,,カードローン,match_keywords,6,4998,5998,False
労金 カードローン 借り方,,,,,,,,,カードローン,match_keywords,9,7998,8998,False
労金 カードローン 金利,,,,,,,,,カードローン,match_keywords_limit300,3,1198,1798,False
勝手にカードローン組まれた,,,,,,,,,カードローン,match_keywords,5,3998,4998,False
北 銀 カードローン,,,,,,,,,カードローン,match_keywords_limit300,3,1198,1798,False
北九州 銀行カードローン 審査結果,,,,,,,,,カードローン,match_keywords_limit100_-searchVolume,5,5798,5998,False
北海道ろうきん カードローン,,,,,,,,,カードローン,match_keywords_limit100_-searchVolume,1,4998,5198,False
北海道ろうきん カードローン 返済額,,,,,,,,,カードローン,match_keywords,10,8998,,False
北海道カードローン,,,,,,,,,カードローン,match_keywords,4,2998,3998,False
北海道信用金庫 カードローン,,,,,,,,,カードローン,match_keywords_limit300,9,4798,5398,False
北海道信用金庫カードローン,,,,,,,,,カードローン,match_keywords,5,3998,4998,False
北海道銀行 atm カードローン,,,,,,,,,カードローン,match_keywords,4,2998,3998,False
北海道銀行 atm カードローン 問い合わせ,,,,,,,,,カードローン,match_keywords,5,3998,4998,False
北海道銀行 atm カードローン 審査 時間,,,,,,,,,カードローン,match_keywords,5,3998,4998,False
北海道銀行 atm カードローン 残高 照会,,,,,,,,,カードローン,match_keywords,6,4998,5998,False
北海道銀行 カードローン ログイン,,,,,,,,,カードローン,match_keywords,10,8998,,False
北海道銀行 カードローン 保証会社,,,,,,,,,カードローン,match_keywords,5,3998,4998,False
北海道銀行 カードローン 在籍確認,,,,,,,,,カードローン,match_keywords_limit300,10,5398,5998,False
北海道銀行 カードローン 増額,,,,,,,,,カードローン,match_keywords,5,3998,4998,False
北海道銀行atm カードローン 案内,,,,,,,,,カードローン,match_keywords,4,2998,3998,False
北海道銀行カードローン ラピッド,,,,,,,,,カードローン,match_keywords,5,3998,4998,False
北海道銀行カードローン 保証会社,,,,,,,,,カードローン,match_keywords_limit50_-searchVolume,5,4498,4598,False
北海道銀行カードローン 審査,,,,,,,,,カードローン,match_keywords,5,3998,4998,False
北銀カードローン,,,,,,,,,カードローン,match_keywords_limit50_-searchVolume,11,1298,1398,False
北銀カードローン cm,,,,,,,,,カードローン,match_keywords,4,2998,3998,False
北銀カードローン 在籍確認,,,,,,,,,カードローン,match_keywords,10,8998,,False
北銀カードローン 審査,,,,,,,,,カードローン,match_keywords,6,4998,5998,False
北銀カードローン 返済方法,,,,,,,,,カードローン,match_keywords_limit300,9,4798,5398,False
北銀カードローン 返済日,,,,,,,,,カードローン,match_keywords,6,4998,5998,False
北銀カードローン 返済額,,,,,,,,,カードローン,match_keywords,5,3998,4998,False
十 八 銀行カードローン 返済 遅れ,,,,,,,,,カードローン,match_keywords_limit100_-searchVolume,1,4998,5198,False
十 六 銀行atm カードローン,,,,,,,,,カードローン,match_keywords,4,2998,3998,False
十六銀行 カードローン 保証会社,,,,,,,,,カードローン,match_keywords,6,4998,5998,False
十六銀行 メリット カードローン,,,,,,,,,カードローン,match_keywords,9,7998,8998,False
千葉銀カードローン返済方法,,,,,,,,,カードローン,match_keywords_limit100_-searchVolume,8,4398,4598,False
千葉銀行 カードローン おまとめローン,,,,,,,,,カードローン,match_keywords_limit100_-searchVolume,10,6798,6998,False
千葉銀行 カードローン 本審査,,,,,,,,,カードローン,match_keywords_limit300,11,5998,6598,False
千葉銀行カードローン 増額,,,,,,,,,カードローン,match_keywords_limit50_-searchVolume,19,2098,2198,False
千葉銀行カードローン 審査 日数,,,,,,,,,カードローン,match_keywords,4,2998,3998,False
千葉銀行カードローン 引き落とし日,,,,,,,,,カードローン,match_keywords,5,3998,4998,False
千葉銀行カードローン 最短,,,,,,,,,カードローン,match_keywords,10,8998,,False
千葉銀行カードローン審査,,,,,,,,,カードローン,match_keywords_limit100,9,1598,1798,False
千葉銀行カードローン審査 口コミ,,,,,,,,,カードローン,match_keywords,10,8998,,False
南日本銀行カードローン,,,,,,,,,カードローン,match_keywords,4,2998,3998,False
南都カードローン,,,,,,,,,カードローン,match_keywords,4,2998,3998,False
南都銀行カードローン クイックタイプ,,,,,,,,,カードローン,match_keywords,9,7998,8998,False
南都銀行カードローン 口コミ,,,,,,,,,カードローン,match_keywords_limit50_-searchVolume,15,5498,5598,False
南都銀行カードローン 審査,,,,,,,,,カードローン,match_keywords,4,2998,3998,False
南都銀行カードローン 審査 時間,,,,,,,,,カードローン,match_keywords_limit100_-searchVolume,6,3998,4198,False
南都銀行カードローン 返済方法,,,,,,,,,カードローン,match_keywords,5,3998,4998,False
南都銀行カードローン 電話,,,,,,,,,カードローン,match_keywords,9,7998,8998,False
南都銀行カードローンの審査時間は,,,,,,,,,カードローン,match_keywords,9,7998,8998,False
南都銀行カードローン増額,,,,,,,,,カードローン,match_keywords_limit300,8,4198,4798,False
南都銀行カードローン審査,,,,,,,,,カードローン,match_keywords_limit50_-searchVolume,33,3498,3598,False
即日発行カードローン,,,,,,,,,カードローン,match_keywords_limit300,7,3598,4198,False
即日融資 カードローン 評判 比較,,,,,,,,,カードローン,match_keywords,9,7998,8998,False
即日融資安心カードローン,,,,,,,,,カードローン,match_keywords,4,2998,3998,False
収入なし カードローン,,,,,,,,,カードローン,match_keywords,5,3998,4998,False
収入証明書なし カードローン,,,,,,,,,カードローン,match_keywords,4,2998,3998,False
口座開設 カードローン,,,,,,,,,カードローン,match_keywords,5,3998,4998,False
口座開設なし カードローン,,,,,,,,,カードローン,match_keywords_limit300,10,5398,5998,False
吉高由里子カードローン,,,,,,,,,カードローン,match_keywords,6,4998,5998,False
四国銀行 カードローン 4s,,,,,,,,,カードローン,match_keywords,5,3998,4998,False
団信付きカードローン,,,,,,,,,カードローン,match_keywords,9,7998,8998,False
土日審査 銀行カードローン,,,,,,,,,カードローン,match_keywords,8,6998,7998,False
在庫確認なし カードローン,,,,,,,,,カードローン,match_keywords,9,7998,8998,False
在籍確認 カードローン 知恵袋,,,,,,,,,カードローン,match_keywords,9,7998,8998,False
在籍確認あり カードローン,,,,,,,,,カードローン,match_keywords,10,8998,,False
在籍確認しない カードローン,,,,,,,,,カードローン,match_keywords,6,4998,5998,False
在籍確認なし カードローン審査 甘い,,,,,,,,,カードローン,match_keywords_limit300,3,1198,1798,False
在籍確認なし 審査甘い カードローン,,,,,,,,,カードローン,match_keywords,9,7998,8998,False
在籍確認なし 郵送物なし カードローン,,,,,,,,,カードローン,match_keywords,8,6998,7998,False
在籍確認なしカードローン審査 甘い,,,,,,,,,カードローン,match_keywords_limit50_-searchVolume,11,1298,1398,False
在籍確認カードローン,,,,,,,,,カードローン,match_keywords_limit100,5,798,998,False
地方銀行 カードローン 審査,,,,,,,,,カードローン,match_keywords,6,4998,5998,False
地銀 カードローン,,,,,,,,,カードローン,match_keywords,5,3998,4998,False
埼玉りそな カードローン,,,,,,,,,カードローン,match_keywords_limit300,3,1198,1798,False
外国籍カードローン,,,,,,,,,カードローン,match_keywords,5,3998,4998,False
夜中でも借りれるカードローン,,,,,,,,,カードローン,match_keywords_limit100_-searchVolume,7,6198,6398,False
夜職 カードローン,,,,,,,,,カードローン,match_keywords,5,3998,4998,False
大分銀行カードローン 使えない,,,,,,,,,カードローン,match_keywords,9,7998,8998,False
大型融資 カードローン,,,,,,,,,カードローン,match_keywords,9,7998,8998,False
大学生 カードローン,,,,,,,,,カードローン,match_keywords_limit100,14,2598,2798,False
夫 内緒でカードローン,,,,,,,,,カードローン,match_keywords,9,7998,8998,False
夫名義でカードローン,,,,,,,,,カードローン,match_keywords,10,8998,,False
女性 カードローン極甘審査ファイナンス,,,,,,,,,カードローン,match_keywords_limit300,4,1798,2398,False
女性カードローン極甘審査ファイナンス,,,,,,,,,カードローン,match_keywords_limit50_-searchVolume,17,1898,1998,False
女性向けのカードローン,,,,,,,,,カードローン,match_keywords,9,7998,8998,False
女性専用カードローン,,,,,,,,,カードローン,match_keywords,5,3998,4998,False
妻に内緒でカードローン,,,,,,,,,カードローン,match_keywords,6,4998,5998,False
学生 カードローン,,,,,,,,,カードローン,match_keywords_limit100,5,798,998,False
学生 カードローン 金利,,,,,,,,,カードローン,match_keywords,7,5998,6998,False
学生 カードローンおすすめ,,,,,,,,,カードローン,match_keywords,4,2998,3998,False
学生 銀行カードローン,,,,,,,,,カードローン,match_keywords,5,3998,4998,False
学費 カードローン,,,,,,,,,カードローン,match_keywords,5,3998,4998,False
安心安全なカードローン,,,,,,,,,カードローン,match_keywords,9,7998,8998,False
宮城 カードローン,,,,,,,,,カードローン,match_keywords_limit300,12,6598,7198,False
宮崎太陽銀行のtポイント付カードローン,,,,,,,,,カードローン,match_keywords,9,7998,8998,False
家族名義でカードローン,,,,,,,,,カードローン,match_keywords,5,3998,4998,False
富山銀行 カードローン,,,,,,,,,カードローン,match_keywords,5,3998,4998,False
審査 甘い カードローン 2ch,,,,,,,,,カードローン,match_keywords_limit300,10,5398,5998,False
審査が通らない人のカードローン,,,,,,,,,カードローン,match_keywords,4,2998,3998,False
審査なしカードローン 即日,,,,,,,,,カードローン,match_keywords,9,7998,8998,False
審査のない 銀行カードローン,,,,,,,,,カードローン,match_keywords,6,4998,5998,False
審査のないカードローン,,,,,,,,,カードローン,match_keywords_limit300,3,1198,1798,False
審査の緩い 銀行カードローン,,,,,,,,,カードローン,match_keywords_limit300,3,1198,1798,False
審査不安 カードローン,,,,,,,,,カードローン,match_keywords,4,2998,3998,False
審査甘いカードローン 2ch,,,,,,,,,カードローン,match_keywords,5,3998,4998,False
審査甘いカードローン ブラックリスト,,,,,,,,,カードローン,match_keywords,8,6998,7998,False
審査甘いカードローン 在籍確認なし,,,,,,,,,カードローン,match_keywords,8,6998,7998,False
審査甘いカードローン 知恵袋,,,,,,,,,カードローン,match_keywords,9,7998,8998,False
審査甘めカードローン,,,,,,,,,カードローン,match_keywords,8,6998,7998,False
審査落ちしないカードローン,,,,,,,,,カードローン,match_keywords_limit300,8,4198,4798,False
審査落ちても借りれるカードローン,,,,,,,,,カードローン,match_keywords,9,7998,8998,False
審査落ちない 銀行カードローン,,,,,,,,,カードローン,match_keywords,9,7998,8998,False
審査通る カードローン,,,,,,,,,カードローン,match_keywords_limit50_-searchVolume,13,1498,1598,False
専業主婦 カードローン審査甘い必ず借りれる,,,,,,,,,カードローン,match_keywords_limit50_-searchVolume,1,298,398,False
専業主婦 他社借入あり でも 絶対借りれる 銀行カードローン,,,,,,,,,カードローン,match_keywords_limit100,9,1598,1798,False
専業主婦でも借りれる カードローン,,,,,,,,,カードローン,match_keywords_limit300,4,1798,2398,False
専業主婦他社借入あり でも 絶対借りれる 銀行カードローン,,,,,,,,,カードローン,match_keywords_limit50_-searchVolume,13,1498,1598,False
専業主婦他社借入あり でも 絶対借りれる銀行カードローン,,,,,,,,,カードローン,match_keywords_limit300,4,1798,2398,False
専業主婦他社借入ありでも絶対借りれる銀行カードローン,,,,,,,,,カードローン,match_keywords_limit50_-searchVolume,15,1698,1798,False
小芝風花 カードローン,,,,,,,,,カードローン,match_keywords,9,7998,8998,False
山口銀行カードローン,,,,,,,,,カードローン,match_keywords_limit300,3,1198,1798,False
山梨中央銀行カードローン,,,,,,,,,カードローン,match_keywords_limit100,8,1398,1598,False
岩手銀行 atm カードローン,,,,,,,,,カードローン,match_keywords_limit300,11,5998,6598,False
岩手銀行 カードローン 返済日,,,,,,,,,カードローン,match_keywords,10,8998,,False
岩手銀行 カードローン 返済額,,,,,,,,,カードローン,match_keywords,9,7998,8998,False
岩手銀行 カードローンとは,,,,,,,,,カードローン,match_keywords,10,8998,,False
岩手銀行カードローン 審査,,,,,,,,,カードローン,match_keywords_limit300,10,5398,5998,False
岩手銀行カードローン 本審査,,,,,,,,,カードローン,match_keywords,9,7998,8998,False
岩手銀行カードローン 電話,,,,,,,,,カードローン,match_keywords,9,7998,8998,False
岩銀カードローン 審査,,,,,,,,,カードローン,match_keywords_limit300,10,5398,5998,False
常用カードローン,,,,,,,,,カードローン,match_keywords,9,7998,8998,False
常陽銀行 カードローン フリーローン 違い,,,,,,,,,カードローン,match_keywords,9,7998,8998,False
常陽銀行 カードローン 審査結果,,,,,,,,,カードローン,match_keywords,5,3998,4998,False
年齢制限なしカードローン,,,,,,,,,カードローン,match_keywords,9,7998,8998,False
年齢制限のないカードローン,,,,,,,,,カードローン,match_keywords,10,8998,,False
後払いカードローン,,,,,,,,,カードローン,match_keywords,9,7998,8998,False
教育カードローン 金利,,,,,,,,,カードローン,match_keywords,5,3998,4998,False
教育ローン とカードローンの違い,,,,,,,,,カードローン,match_keywords,5,3998,4998,False
教育ローンとカードローンの違い,,,,,,,,,カードローン,match_keywords,6,4998,5998,False
教育ローンと教育カードローン,,,,,,,,,カードローン,match_keywords,10,8998,,False
新卒カードローン,,,,,,,,,カードローン,match_keywords,5,3998,4998,False
新生銀行 カードローン 口コミ,,,,,,,,,カードローン,match_keywords,5,3998,4998,False
新生銀行 カードローン 無利息,,,,,,,,,カードローン,match_keywords,9,7998,8998,False
新生銀行カードローン審査通らない,,,,,,,,,カードローン,match_keywords,9,7998,8998,False
日曜日 カードローン,,,,,,,,,カードローン,match_keywords_limit50_-searchVolume,11,5098,5198,False
昔のカードローン,,,,,,,,,カードローン,match_keywords,6,4998,5998,False
書類審査なし カードローン,,,,,,,,,カードローン,match_keywords,5,3998,4998,False
未成年カードローン,,,,,,,,,カードローン,match_keywords,9,7998,8998,False
東京スター カードローン,,,,,,,,,カードローン,match_keywords,5,3998,4998,False
東京スター銀行 カードローン,,,,,,,,,カードローン,match_keywords_limit50_-searchVolume,11,1298,1398,False
東京スター銀行カードローン 保証会社,,,,,,,,,カードローン,match_keywords_limit300,8,4198,4798,False
東京スター銀行カードローン審査,,,,,,,,,カードローン,match_keywords,5,3998,4998,False
東京スター銀行カードローン審査 口コミ,,,,,,,,,カードローン,match_keywords_limit300,7,3598,4198,False
東京信用金庫カードローン,,,,,,,,,カードローン,match_keywords_limit300,11,5998,6598,False
東北ろうきん カードローン,,,,,,,,,カードローン,match_keywords_limit300,7,3598,4198,False
東北ろうきん カードローン 増額,,,,,,,,,カードローン,match_keywords,8,6998,7998,False
東北ろうきん カードローン 返済額,,,,,,,,,カードローン,match_keywords,9,7998,8998,False
東北労働金庫 カードローン,,,,,,,,,カードローン,match_keywords_limit100_-searchVolume,2,5198,5398,False
東北労金 カードローン 増額,,,,,,,,,カードローン,match_keywords,9,7998,8998,False
東北銀行 カードローン 増額,,,,,,,,,カードローン,match_keywords,9,7998,8998,False
東北銀行 カードローン 返済,,,,,,,,,カードローン,match_keywords_limit300,13,7198,7798,False
東和銀行カードローン 審査,,,,,,,,,カードローン,match_keywords,5,3998,4998,False
東日本 カードローン,,,,,,,,,カードローン,match_keywords,9,7998,8998,False
東日本銀行カードローン,,,,,,,,,カードローン,match_keywords,5,3998,4998,False
東銀カードローン,,,,,,,,,カードローン,match_keywords_limit100_-searchVolume,10,6798,6998,False
松山 カードローン,,,,,,,,,カードローン,match_keywords,9,7998,8998,False
栃木銀行カードローン,,,,,,,,,カードローン,match_keywords_limit50_-searchVolume,19,2098,2198,False
栃木銀行カードローン 審査 日数,,,,,,,,,カードローン,match_keywords,9,7998,8998,False
楽天 カードローン キャンペーン,,,,,,,,,カードローン,match_keywords,4,2998,3998,False
楽天 カードローン 一括返済,,,,,,,,,カードローン,match_keywords_limit300,4,1798,2398,False
楽天 カードローン 借り方,,,,,,,,,カードローン,match_keywords,4,2998,3998,False
楽天 カードローン 在籍確認,,,,,,,,,カードローン,match_keywords_limit100,9,1598,1798,False
楽天カードローン カード,,,,,,,,,カードローン,match_keywords_limit100,9,1598,1798,False
楽天カードローン カードレス,,,,,,,,,カードローン,match_keywords,6,4998,5998,False
楽天カードローン キャンペーン,,,,,,,,,カードローン,match_keywords,3,1998,2998,False
楽天カードローン デメリット,,,,,,,,,カードローン,match_keywords_limit100_-searchVolume,3,5398,5598,False
楽天カードローン 解約方法,,,,,,,,,カードローン,match_keywords,7,5998,6998,False
楽天カードローン 解約証明,,,,,,,,,カードローン,match_keywords_limit300,11,5998,6598,False
楽天カードローン 返済額 変更,,,,,,,,,カードローン,match_keywords,5,3998,4998,False
楽天カードローン返済 一括,,,,,,,,,カードローン,match_keywords_limit50_-searchVolume,17,1898,1998,False
楽天カードローン金利,,,,,,,,,カードローン,match_keywords_limit300,2,598,1198,False
楽天銀行 カードローン 800万,,,,,,,,,カードローン,match_keywords,10,8998,,False
楽天銀行 カードローン カードレス,,,,,,,,,カードローン,match_keywords_limit300_-cpc,8,4198,4798,False
楽天銀行 カードローン メリット,,,,,,,,,カードローン,match_keywords,8,6998,7998,False
楽天銀行 カードローン 個人事業主,,,,,,,,,カードローン,match_keywords_limit300_-cpc,10,5398,5998,False
楽天銀行 カードローン 在籍確認,,,,,,,,,カードローン,match_keywords_limit100,5,798,998,False
楽天銀行 カードローン 年齢制限,,,,,,,,,カードローン,match_keywords_limit100_-searchVolume,5,5798,5998,False
楽天銀行 金利 カードローン,,,,,,,,,カードローン,match_keywords,9,7998,8998,False
楽天銀行カードローン 一括返済,,,,,,,,,カードローン,match_keywords_limit300,5,2398,2998,False
楽天銀行カードローン 問い合わせ,,,,,,,,,カードローン,match_keywords_limit50_-searchVolume,35,3698,3798,False
楽天銀行カードローン 審査甘い,,,,,,,,,カードローン,match_keywords_limit300,3,1198,1798,False
楽天銀行カードローン 審査結果,,,,,,,,,カードローン,match_keywords,5,3998,4998,False
楽天銀行カードローン 必要書類,,,,,,,,,カードローン,match_keywords,4,2998,3998,False
楽天銀行カードローン 残高確認,,,,,,,,,カードローン,match_keywords_limit50_-searchVolume,2,4198,4298,False
楽天銀行カードローン 解約,,,,,,,,,カードローン,match_keywords_limit100,14,2598,2798,False
楽天銀行カードローン 郵送物,,,,,,,,,カードローン,match_keywords,4,2998,3998,False
楽天銀行カードローン 電話,,,,,,,,,カードローン,match_keywords_limit300,6,2998,3598,False
楽天銀行カードローン金利,,,,,,,,,カードローン,match_keywords_limit300,3,1198,1798,False
横浜銀行 カードローン やり方,,,,,,,,,カードローン,match_keywords,10,8998,,False
横浜銀行 カードローン シミュレーション,,,,,,,,,カードローン,match_keywords_limit50_-searchVolume,1,4098,4198,False
横浜銀行 カードローン フリーローン 違い,,,,,,,,,カードローン,match_keywords_limit300,11,5998,6598,False
横浜銀行 カードローン 口コミ,,,,,,,,,カードローン,match_keywords,6,4998,5998,False
横浜銀行 カードローン 解約方法,,,,,,,,,カードローン,match_keywords,9,7998,8998,False
横浜銀行 カードローン 返済シミュレーション,,,,,,,,,カードローン,match_keywords_limit50_-searchVolume,17,1898,1998,False
横浜銀行 カードローン 金利表,,,,,,,,,カードローン,match_keywords,4,2998,3998,False
横浜銀行カードローン おまとめローン,,,,,,,,,カードローン,match_keywords,6,4998,5998,False
横浜銀行カードローン アプリ,,,,,,,,,カードローン,match_keywords,5,3998,4998,False
横浜銀行カードローン カード紛失,,,,,,,,,カードローン,match_keywords,9,7998,8998,False
横浜銀行カードローン コンビニ 借入,,,,,,,,,カードローン,match_keywords_limit300,9,4798,5398,False
横浜銀行カードローン バレる,,,,,,,,,カードローン,match_keywords_limit300,13,7198,7798,False
横浜銀行カードローン ログイン,,,,,,,,,カードローン,match_keywords,4,2998,3998,False
横浜銀行カードローン 借り方,,,,,,,,,カードローン,match_keywords,4,2998,3998,False
横浜銀行カードローン 利率,,,,,,,,,カードローン,match_keywords,6,4998,5998,False
横浜銀行カードローン 厳しい,,,,,,,,,カードローン,match_keywords,9,7998,8998,False
横浜銀行カードローン 口コミ,,,,,,,,,カードローン,match_keywords_limit50_-searchVolume,11,5098,5198,False
横浜銀行カードローン 土日,,,,,,,,,カードローン,match_keywords_limit100_-searchVolume,11,6998,7198,False
横浜銀行カードローン 増額,,,,,,,,,カードローン,match_keywords_limit300,4,1798,2398,False
横浜銀行カードローン 審査,,,,,,,,,カードローン,match_keywords_limit300,3,1198,1798,False
横浜銀行カードローン 審査 時間,,,,,,,,,カードローン,match_keywords,3,1998,2998,False
横浜銀行カードローン 審査 期間,,,,,,,,,カードローン,match_keywords,8,6998,7998,False
横浜銀行カードローン 審査 状況 確認,,,,,,,,,カードローン,match_keywords,4,2998,3998,False
横浜銀行カードローン 審査日数,,,,,,,,,カードローン,match_keywords,9,7998,8998,False
横浜銀行カードローン 審査時間,,,,,,,,,カードローン,match_keywords,4,2998,3998,False
横浜銀行カードローン 審査結果,,,,,,,,,カードローン,match_keywords,5,3998,4998,False
横浜銀行カードローン 審査結果 電話,,,,,,,,,カードローン,match_keywords,6,4998,5998,False
横浜銀行カードローン 引き出し,,,,,,,,,カードローン,match_keywords,7,5998,6998,False
横浜銀行カードローン 月々返済額,,,,,,,,,カードローン,match_keywords,9,7998,8998,False
横浜銀行カードローン 残高,,,,,,,,,カードローン,match_keywords,7,5998,6998,False
横浜銀行カードローン 申し込み後,,,,,,,,,カードローン,match_keywords,9,7998,8998,False
横浜銀行カードローン 総量規制,,,,,,,,,カードローン,match_keywords,6,4998,5998,False
横浜銀行カードローン 繰り上げ返済,,,,,,,,,カードローン,match_keywords_limit100_-searchVolume,4,5598,5798,False
横浜銀行カードローン 限度額,,,,,,,,,カードローン,match_keywords_limit100_-searchVolume,2,5198,5398,False
横浜銀行カードローンから電話,,,,,,,,,カードローン,match_keywords,9,7998,8998,False
横浜銀行カードローンの保証会社,,,,,,,,,カードローン,match_keywords,9,7998,8998,False
横浜銀行カードローン一括返済,,,,,,,,,カードローン,match_keywords,4,2998,3998,False
横浜銀行カードローン保証会社,,,,,,,,,カードローン,match_keywords_limit100_-searchVolume,2,3198,3398,False
横浜銀行カードローン審査 厳しい,,,,,,,,,カードローン,match_keywords,4,2998,3998,False
横浜銀行カードローン審査 知恵袋,,,,,,,,,カードローン,match_keywords_limit50_-searchVolume,25,6498,6598,False
横浜銀行カードローン審査結果,,,,,,,,,カードローン,match_keywords,5,3998,4998,False
横浜銀行カードローン審査結果 来ない,,,,,,,,,カードローン,match_keywords,4,2998,3998,False
横浜銀行カードローン審査落ちた,,,,,,,,,カードローン,match_keywords,4,2998,3998,False
横浜銀行カードローン引き落とし日,,,,,,,,,カードローン,match_keywords_limit300,9,4798,5398,False
横浜銀行カードローン解約,,,,,,,,,カードローン,match_keywords_limit50_-searchVolume,33,3498,3598,False
横浜銀行カードローン返済,,,,,,,,,カードローン,match_keywords,4,2998,3998,False
武蔵野カードローン,,,,,,,,,カードローン,match_keywords,5,3998,4998,False
死亡後カードローン,,,,,,,,,カードローン,match_keywords,9,7998,8998,False
永住権なし カードローン,,,,,,,,,カードローン,match_keywords_limit100_-searchVolume,6,3998,4198,False
海外在住 カードローン,,,,,,,,,カードローン,match_keywords,10,8998,,False
消費者金融系カードローン,,,,,,,,,カードローン,match_keywords,5,3998,4998,False
深田恭子 カードローン cm,,,,,,,,,カードローン,match_keywords,5,3998,4998,False
滋賀銀行カードローン,,,,,,,,,カードローン,match_keywords_limit50_-searchVolume,8,998,1098,False
滞納歴あり カードローン,,,,,,,,,カードローン,match_keywords_limit300,12,6598,7198,False
激甘 地方銀行 カードローン おすすめ,,,,,,,,,カードローン,match_keywords,9,7998,8998,False
無利息 カードローン 比較,,,,,,,,,カードローン,match_keywords,9,7998,8998,False
無審査の 銀行カードローン,,,,,,,,,カードローン,match_keywords,8,6998,7998,False
無審査のカードローン,,,,,,,,,カードローン,match_keywords,4,2998,3998,False
無担保ローン 銀行カードローン,,,,,,,,,カードローン,match_keywords,6,4998,5998,False
無職 カードローン 即日,,,,,,,,,カードローン,match_keywords_limit300,8,4198,4798,False
無職 カードローン 審査,,,,,,,,,カードローン,match_keywords,5,3998,4998,False
無職 カードローン 知恵袋,,,,,,,,,カードローン,match_keywords,9,7998,8998,False
無職カードローン,,,,,,,,,カードローン,match_keywords_limit100,5,798,998,False
無色 カードローン,,,,,,,,,カードローン,match_keywords,9,7998,8998,False
無金利カードローン,,,,,,,,,カードローン,match_keywords_limit50_-searchVolume,3,4298,4398,False
熊本銀行 カードローン 審査,,,,,,,,,カードローン,match_keywords,4,2998,3998,False
熊本銀行 カードローン 審査日数,,,,,,,,,カードローン,match_keywords_limit300,13,7198,7798,False
熊本銀行 カードローン 審査結果,,,,,,,,,カードローン,match_keywords_limit300,13,7198,7798,False
独立系カードローン,,,,,,,,,カードローン,match_keywords,9,7998,8998,False
独自カードローン,,,,,,,,,カードローン,match_keywords,9,7998,8998,False
独自審査 カードローン 在籍確認なし,,,,,,,,,カードローン,match_keywords,10,8998,,False
琉球銀行カードローン,,,,,,,,,カードローン,match_keywords_limit100,12,2198,2398,False
生活費 カードローン,,,,,,,,,カードローン,match_keywords_limit300,7,3598,4198,False
登録制バイト カードローン,,,,,,,,,カードローン,match_keywords,9,7998,8998,False
百五銀行 カードローン 審査結果,,,,,,,,,カードローン,match_keywords,6,4998,5998,False
盛岡 カードローン,,,,,,,,,カードローン,match_keywords,10,8998,,False
直近カードローンとは,,,,,,,,,カードローン,match_keywords,10,8998,,False
社長 カードローン,,,,,,,,,カードローン,match_keywords,9,7998,8998,False
福岡カードローン 審査,,,,,,,,,カードローン,match_keywords,10,8998,,False
福岡銀行 カードローン 住所変更,,,,,,,,,カードローン,match_keywords,9,7998,8998,False
福岡銀行カードローン いつから使える,,,,,,,,,カードローン,match_keywords,10,8998,,False
福岡銀行カードローン カード紛失,,,,,,,,,カードローン,match_keywords,9,7998,8998,False
福岡銀行カードローン 口コミ,,,,,,,,,カードローン,match_keywords,6,4998,5998,False
福岡銀行カードローン 営業時間,,,,,,,,,カードローン,match_keywords,10,8998,,False
福岡銀行カードローン 完済,,,,,,,,,カードローン,match_keywords,10,8998,,False
福岡銀行カードローン 審査 流れ,,,,,,,,,カードローン,match_keywords,4,2998,3998,False
福岡銀行カードローン 専業主婦,,,,,,,,,カードローン,match_keywords_limit50_-searchVolume,19,5898,5998,False
福岡銀行カードローン 暗証番号,,,,,,,,,カードローン,match_keywords,9,7998,8998,False
福岡銀行カードローン 窓口,,,,,,,,,カードローン,match_keywords,8,6998,7998,False
福岡銀行カードローン 返済,,,,,,,,,カードローン,match_keywords,4,2998,3998,False
福岡銀行カードローン 返済額,,,,,,,,,カードローン,match_keywords_limit100,9,1598,1798,False
福岡銀行カードローン 限度額,,,,,,,,,カードローン,match_keywords_limit50_-searchVolume,18,5798,5898,False
福岡銀行カードローン 電話番号,,,,,,,,,カードローン,match_keywords,4,2998,3998,False
福岡銀行カードローンとffgカードローンの違い,,,,,,,,,カードローン,match_keywords,9,7998,8998,False
福岡銀行カードローンの保証会社,,,,,,,,,カードローン,match_keywords,8,6998,7998,False
福岡銀行カードローン利息,,,,,,,,,カードローン,match_keywords,5,3998,4998,False
福岡銀行カードローン口コミ,,,,,,,,,カードローン,match_keywords_limit50_-searchVolume,18,5798,5898,False
福岡銀行カードローン審査 厳しい,,,,,,,,,カードローン,match_keywords_limit100,12,2198,2398,False
福岡銀行カードローン審査流れ,,,,,,,,,カードローン,match_keywords_limit300,7,3598,4198,False
福岡銀行カードローン申し込み,,,,,,,,,カードローン,match_keywords,6,4998,5998,False
福銀 カードローン フリーローン 違い,,,,,,,,,カードローン,match_keywords,9,7998,8998,False
第四北越銀行カードローン,,,,,,,,,カードローン,match_keywords_limit100,9,1598,1798,False
筑波カードローン,,,,,,,,,カードローン,match_keywords,10,8998,,False
筑波銀行 カードローン 審査,,,,,,,,,カードローン,match_keywords,5,3998,4998,False
筑波銀行カードローン,,,,,,,,,カードローン,match_keywords_limit100,6,998,1198,False
筑波銀行カードローン 金利,,,,,,,,,カードローン,match_keywords,5,3998,4998,False
簡単に借りられるカードローン,,,,,,,,,カードローン,match_keywords,4,2998,3998,False
簡単カードローン,,,,,,,,,カードローン,match_keywords_limit100,12,2198,2398,False
経営者 カードローン 体験談,,,,,,,,,カードローン,match_keywords,10,8998,,False
結婚 カードローン バレる,,,,,,,,,カードローン,match_keywords,10,8998,,False
結婚式 カードローン,,,,,,,,,カードローン,match_keywords,6,4998,5998,False
結婚資金 カードローン,,,,,,,,,カードローン,match_keywords_limit100_-searchVolume,10,6798,6998,False
給与明細なし カードローン,,,,,,,,,カードローン,match_keywords,9,7998,8998,False
総量規制がないカードローン,,,,,,,,,カードローン,match_keywords_limit50_-searchVolume,11,5098,5198,False
総量規制なし カードローン,,,,,,,,,カードローン,match_keywords,6,4998,5998,False
総量規制に引っかからないカードローン,,,,,,,,,カードローン,match_keywords,10,8998,,False
総量規制オーバー 銀行カードローン,,,,,,,,,カードローン,match_keywords,5,3998,4998,False
総量規制オーバーでも借りれた カードローン,,,,,,,,,カードローン,match_keywords,8,6998,7998,False
総量規制対象外 銀行カードローン,,,,,,,,,カードローン,match_keywords_limit50_-searchVolume,19,2098,2198,False
肥後銀行 カードローン 借り方,,,,,,,,,カードローン,match_keywords,5,3998,4998,False
自分銀行 カードローン 審査,,,,,,,,,カードローン,match_keywords_limit100,9,1598,1798,False
自己破産 5年以内 カードローン,,,,,,,,,カードローン,match_keywords,10,8998,,False
自己破産3年カードローン,,,,,,,,,カードローン,match_keywords,10,8998,,False
自己破産後でも借りれるカードローン,,,,,,,,,カードローン,match_keywords,10,8998,,False
芝信用金庫カードローン,,,,,,,,,カードローン,match_keywords_limit100_-searchVolume,4,5598,5798,False
苫小牧 カードローン,,,,,,,,,カードローン,match_keywords,9,7998,8998,False
荘内銀行カードローン1000,,,,,,,,,カードローン,match_keywords_limit300,11,5998,6598,False
街金 カードローン,,,,,,,,,カードローン,match_keywords,5,3998,4998,False
街金カードローン,,,,,,,,,カードローン,match_keywords,6,4998,5998,False
複数カードローン まとめる,,,,,,,,,カードローン,match_keywords,10,8998,,False
西日本シティ銀行 カードローン vクラス,,,,,,,,,カードローン,match_keywords,9,7998,8998,False
西日本シティ銀行 カードローン フリーローン 違い,,,,,,,,,カードローン,match_keywords,8,6998,7998,False
西銀カードローン 問い合わせ,,,,,,,,,カードローン,match_keywords,10,8998,,False
誰でも受かるカードローン,,,,,,,,,カードローン,match_keywords,10,8998,,False
誰でも審査 通るカードローン,,,,,,,,,カードローン,match_keywords_limit50_-searchVolume,17,1898,1998,False
誰でも通るカードローン,,,,,,,,,カードローン,match_keywords_limit100,12,2198,2398,False
貸越専用カードローンとは,,,,,,,,,カードローン,match_keywords,10,8998,,False
超ブラックでも借りれる カードローン,,,,,,,,,カードローン,match_keywords,4,2998,3998,False
足利銀行カードローン 保証会社,,,,,,,,,カードローン,match_keywords,4,2998,3998,False
足利銀行カードローン 審査 時間,,,,,,,,,カードローン,match_keywords,5,3998,4998,False
車検代 カードローン,,,,,,,,,カードローン,match_keywords,10,8998,,False
転職中 カードローン,,,,,,,,,カードローン,match_keywords,9,7998,8998,False
転職期間 カードローン,,,,,,,,,カードローン,match_keywords,10,8998,,False
転職活動 カードローン,,,,,,,,,カードローン,match_keywords,9,7998,8998,False
転職活動中 カードローン,,,,,,,,,カードローン,match_keywords,9,7998,8998,False
転職直後 カードローン,,,,,,,,,カードローン,match_keywords,8,6998,7998,False
近く カードローン,,,,,,,,,カードローン,match_keywords,9,7998,8998,False
近くのカードローン,,,,,,,,,カードローン,match_keywords,5,3998,4998,False
近くのカードローン会社,,,,,,,,,カードローン,match_keywords,9,7998,8998,False
近くカードローン,,,,,,,,,カードローン,match_keywords,9,7998,8998,False
返済予定表 カードローン,,,,,,,,,カードローン,match_keywords,10,8998,,False
返済計画 カードローン,,,,,,,,,カードローン,match_keywords,9,7998,8998,False
通りやすいカードローン 銀行,,,,,,,,,カードローン,match_keywords,10,8998,,False
過払い金 三井住友カードローン,,,,,,,,,カードローン,match_keywords,5,3998,4998,False
過払い金三井住友カードローン,,,,,,,,,カードローン,match_keywords_limit100_-searchVolume,5,5798,5998,False
道銀カードローン,,,,,,,,,カードローン,match_keywords_limit300,4,1798,2398,False
道銀カードローン 返済方法,,,,,,,,,カードローン,match_keywords,6,4998,5998,False
道銀カードローン 金利,,,,,,,,,カードローン,match_keywords,6,4998,5998,False
郵送なしカードローン,,,,,,,,,カードローン,match_keywords,4,2998,3998,False
郵送物なし カードローン おすすめ,,,,,,,,,カードローン,match_keywords,9,7998,8998,False
金利 低いカードローン,,,,,,,,,カードローン,match_keywords_limit50_-searchVolume,11,1298,1398,False
金利比較 カードローン,,,,,,,,,カードローン,match_keywords,3,1998,2998,False
金融機関のカードローンとは,,,,,,,,,カードローン,match_keywords,9,7998,8998,False
銀行 カードローン いくらまで,,,,,,,,,カードローン,match_keywords_limit100_-searchVolume,13,7398,7598,False
銀行 カードローン とは,,,,,,,,,カードローン,match_keywords,4,2998,3998,False
銀行 カードローン ブラックリスト,,,,,,,,,カードローン,match_keywords,5,3998,4998,False
銀行 カードローン 他社借入,,,,,,,,,カードローン,match_keywords,4,2998,3998,False
銀行 カードローン 何歳まで,,,,,,,,,カードローン,match_keywords,9,7998,8998,False
銀行 カードローン 何社まで,,,,,,,,,カードローン,match_keywords_limit300,7,3598,4198,False
銀行 カードローン 審査 ゆるい,,,,,,,,,カードローン,match_keywords_limit100,5,798,998,False
銀行 カードローン 年齢制限,,,,,,,,,カードローン,match_keywords,4,2998,3998,False
銀行 カードローン 車検,,,,,,,,,カードローン,match_keywords,10,8998,,False
銀行 カードローン 金利 比較,,,,,,,,,カードローン,match_keywords,4,2998,3998,False
銀行 フリーローン カードローン 違い,,,,,,,,,カードローン,match_keywords,10,8998,,False
銀行 借り換え カードローン,,,,,,,,,カードローン,match_keywords_limit300,5,2398,2998,False
銀行のカードローン おすすめ,,,,,,,,,カードローン,match_keywords,9,7998,8998,False
銀行のカードローン 債務整理,,,,,,,,,カードローン,match_keywords,6,4998,5998,False
銀行アプリ カードローン,,,,,,,,,カードローン,match_keywords,9,7998,8998,False
銀行カードローン 150万,,,,,,,,,カードローン,match_keywords,9,7998,8998,False
銀行カードローン 200万,,,,,,,,,カードローン,match_keywords,6,4998,5998,False
銀行カードローン 3社目,,,,,,,,,カードローン,match_keywords_limit100_-searchVolume,12,7198,7398,False
銀行カードローン 50万,,,,,,,,,カードローン,match_keywords,9,7998,8998,False
銀行カードローン 5ch,,,,,,,,,カードローン,match_keywords,5,3998,4998,False
銀行カードローン おすすめ 知恵袋,,,,,,,,,カードローン,match_keywords,9,7998,8998,False
銀行カードローン おまとめ,,,,,,,,,カードローン,match_keywords,5,3998,4998,False
銀行カードローン なんj,,,,,,,,,カードローン,match_keywords,10,8998,,False
銀行カードローン やめとけ,,,,,,,,,カードローン,match_keywords,10,8998,,False
銀行カードローン ゆるい,,,,,,,,,カードローン,match_keywords,4,2998,3998,False
銀行カードローン オリックス,,,,,,,,,カードローン,match_keywords,10,8998,,False
銀行カードローン キャンペーン,,,,,,,,,カードローン,match_keywords,6,4998,5998,False
銀行カードローン パート,,,,,,,,,カードローン,match_keywords,5,3998,4998,False
銀行カードローン ブラックでも,,,,,,,,,カードローン,match_keywords,5,3998,4998,False
銀行カードローン 乗り換え,,,,,,,,,カードローン,match_keywords,10,8998,,False
銀行カードローン 他社借入に含まれる,,,,,,,,,カードローン,match_keywords,10,8998,,False
銀行カードローン 仮審査,,,,,,,,,カードローン,match_keywords_limit50_-searchVolume,14,5398,5498,False
銀行カードローン 何社まで,,,,,,,,,カードローン,match_keywords,5,3998,4998,False
銀行カードローン 使わない,,,,,,,,,カードローン,match_keywords,9,7998,8998,False
銀行カードローン 借入診断,,,,,,,,,カードローン,match_keywords,5,3998,4998,False
銀行カードローン 債務整理,,,,,,,,,カードローン,match_keywords_limit100_-searchVolume,4,3598,3798,False
銀行カードローン 債務整理できる,,,,,,,,,カードローン,match_keywords,9,7998,8998,False
銀行カードローン 利息,,,,,,,,,カードローン,match_keywords_limit300,7,3598,4198,False
銀行カードローン 利率,,,,,,,,,カードローン,match_keywords,5,3998,4998,False
銀行カードローン 即日審査,,,,,,,,,カードローン,match_keywords,5,3998,4998,False
銀行カードローン 即日融資,,,,,,,,,カードローン,match_keywords_limit300,5,2398,2998,False
銀行カードローン 収入証明書不要,,,,,,,,,カードローン,match_keywords,4,2998,3998,False
銀行カードローン 口座開設なし,,,,,,,,,カードローン,match_keywords,9,7998,8998,False
銀行カードローン 含まない,,,,,,,,,カードローン,match_keywords,9,7998,8998,False
銀行カードローン 地方銀行,,,,,,,,,カードローン,match_keywords,9,7998,8998,False
銀行カードローン 審査 他社借入,,,,,,,,,カードローン,match_keywords_limit300,13,7198,7798,False
銀行カードローン 審査 土日,,,,,,,,,カードローン,match_keywords_limit100_-searchVolume,9,4598,4798,False
銀行カードローン 審査 甘い 5ch,,,,,,,,,カードローン,match_keywords,10,8998,,False
銀行カードローン 審査 知恵袋,,,,,,,,,カードローン,match_keywords,9,7998,8998,False
銀行カードローン 審査 通らない,,,,,,,,,カードローン,match_keywords,5,3998,4998,False
銀行カードローン 審査あまい,,,,,,,,,カードローン,match_keywords,10,8998,,False
銀行カードローン 審査基準,,,,,,,,,カードローン,match_keywords,4,2998,3998,False
銀行カードローン 審査早い,,,,,,,,,カードローン,match_keywords_limit300,6,2998,3598,False
銀行カードローン 審査期間,,,,,,,,,カードローン,match_keywords_limit300,11,5998,6598,False
銀行カードローン 審査甘い 5ch,,,,,,,,,カードローン,match_keywords,9,7998,8998,False
銀行カードローン 審査甘い 知恵袋,,,,,,,,,カードローン,match_keywords,9,7998,8998,False
銀行カードローン 審査甘いところ,,,,,,,,,カードローン,match_keywords,10,8998,,False
銀行カードローン 審査結果,,,,,,,,,カードローン,match_keywords_limit300,13,7198,7798,False
銀行カードローン 審査落ち,,,,,,,,,カードローン,match_keywords,6,4998,5998,False
銀行カードローン 審査落ちた,,,,,,,,,カードローン,match_keywords,6,4998,5998,False
銀行カードローン 審査通らない,,,,,,,,,カードローン,match_keywords,6,4998,5998,False
銀行カードローン 審査通過率,,,,,,,,,カードローン,match_keywords,9,7998,8998,False
銀行カードローン 審査遅い,,,,,,,,,カードローン,match_keywords,9,7998,8998,False
銀行カードローン 手を出す な,,,,,,,,,カードローン,match_keywords,9,7998,8998,False
銀行カードローン 本人死亡,,,,,,,,,カードローン,match_keywords,5,3998,4998,False
銀行カードローン 注意点,,,,,,,,,カードローン,match_keywords,4,2998,3998,False
銀行カードローン 激甘,,,,,,,,,カードローン,match_keywords,7,5998,6998,False
銀行カードローン 独自審査,,,,,,,,,カードローン,match_keywords,9,7998,8998,False
銀行カードローン 用途,,,,,,,,,カードローン,match_keywords,9,7998,8998,False
銀行カードローン 福岡,,,,,,,,,カードローン,match_keywords,9,7998,8998,False
銀行カードローン 結婚式,,,,,,,,,カードローン,match_keywords_limit300,14,7798,8398,False
銀行カードローン 総量規制対象外,,,,,,,,,カードローン,match_keywords_limit100,9,1598,1798,False
銀行カードローン 落ちた,,,,,,,,,カードローン,match_keywords,6,4998,5998,False
銀行カードローン 融資,,,,,,,,,カードローン,match_keywords,6,4998,5998,False
銀行カードローン 複数申し込み,,,,,,,,,カードローン,match_keywords_limit300,9,4798,5398,False
銀行カードローン 車のローン,,,,,,,,,カードローン,match_keywords,10,8998,,False
銀行カードローン 返済,,,,,,,,,カードローン,match_keywords,5,3998,4998,False
銀行カードローン 金利 比較,,,,,,,,,カードローン,match_keywords_limit300,6,2998,3598,False
銀行カードローン 金利 相場,,,,,,,,,カードローン,match_keywords,10,8998,,False
銀行カードローン 金利計算,,,,,,,,,カードローン,match_keywords,6,4998,5998,False
銀行カードローン 銀行法,,,,,,,,,カードローン,match_keywords,9,7998,8998,False
銀行カードローン 高い,,,,,,,,,カードローン,match_keywords,10,8998,,False
銀行カードローン2社目,,,,,,,,,カードローン,match_keywords,4,2998,3998,False
銀行カードローン5ちゃんねる,,,,,,,,,カードローン,match_keywords,9,7998,8998,False
銀行カードローンおまとめローン,,,,,,,,,カードローン,match_keywords,4,2998,3998,False
銀行カードローンの種類,,,,,,,,,カードローン,match_keywords,9,7998,8998,False
銀行カードローンの返済方法,,,,,,,,,カードローン,match_keywords,10,8998,,False
銀行カードローンは審査厳しい,,,,,,,,,カードローン,match_keywords,8,6998,7998,False
銀行カードローンは総量規制外ですか,,,,,,,,,カードローン,match_keywords,10,8998,,False
銀行カードローン仮審査と本審査の違い,,,,,,,,,カードローン,match_keywords,9,7998,8998,False
銀行カードローン審査 落ちる理由,,,,,,,,,カードローン,match_keywords,5,3998,4998,False
銀行カードローン審査何日,,,,,,,,,カードローン,match_keywords,9,7998,8998,False
銀行カードローン審査時間,,,,,,,,,カードローン,match_keywords_limit300_-cpc,5,2398,2998,False
銀行カードローン審査甘い 5ch,,,,,,,,,カードローン,match_keywords_limit100_-searchVolume,7,6198,6398,False
銀行カードローン審査甘い 5ちゃんねる,,,,,,,,,カードローン,match_keywords,9,7998,8998,False
銀行カードローン審査甘い 知恵袋,,,,,,,,,カードローン,match_keywords,10,8998,,False
銀行カードローン審査甘いところ,,,,,,,,,カードローン,match_keywords,8,6998,7998,False
銀行カードローン審査通る,,,,,,,,,カードローン,match_keywords,10,8998,,False
銀行カードローン甘い,,,,,,,,,カードローン,match_keywords,5,3998,4998,False
銀行カードローン自主規制,,,,,,,,,カードローン,match_keywords_limit300,9,4798,5398,False
銀行カードローン落ちた,,,,,,,,,カードローン,match_keywords,5,3998,4998,False
銀行カードローン通らない,,,,,,,,,カードローン,match_keywords_limit300,9,4798,5398,False
銀行ローンとカードローンの違い,,,,,,,,,カードローン,match_keywords,5,3998,4998,False
銀行口座開設 カードローン,,,,,,,,,カードローン,match_keywords,9,7998,8998,False
銀行系のカードローンとは,,,,,,,,,カードローン,match_keywords,10,8998,,False
銀行系カードローン 住宅ローン 影響,,,,,,,,,カードローン,match_keywords_limit300,14,7798,8398,False
銀行系カードローン 審査通らない,,,,,,,,,カードローン,match_keywords,5,3998,4998,False
銀行系カードローン 比較,,,,,,,,,カードローン,match_keywords,6,4998,5998,False
銀行系カードローン 郵送物なし,,,,,,,,,カードローン,match_keywords,9,7998,8998,False
銀行系カードローンとは,,,,,,,,,カードローン,match_keywords,5,3998,4998,False
銀行系カードローンと消費者金融の違い,,,,,,,,,カードローン,match_keywords,4,2998,3998,False
銀行系カードローン審査,,,,,,,,,カードローン,match_keywords_limit100_-searchVolume,6,3998,4198,False
銀行系無担保カードローンとは,,,,,,,,,カードローン,match_keywords,10,8998,,False
銚子信用金庫カードローン,,,,,,,,,カードローン,match_keywords_limit50_-searchVolume,11,5098,5198,False
関西みらい カードローン,,,,,,,,,カードローン,match_keywords,4,2998,3998,False
関西みらい銀行 カードローン コンビニ,,,,,,,,,カードローン,match_keywords,10,8998,,False
関西みらい銀行 カードローン 返済日,,,,,,,,,カードローン,match_keywords,9,7998,8998,False
関西みらい銀行カードローン申し込み,,,,,,,,,カードローン,match_keywords,10,8998,,False
関西みらい銀行カードローン返済額,,,,,,,,,カードローン,match_keywords,5,3998,4998,False
静岡銀行 マイカーローン カードローン,,,,,,,,,カードローン,match_keywords,10,8998,,False
静岡銀行カードローン seleca,,,,,,,,,カードローン,match_keywords,4,2998,3998,False
静岡銀行カードローン セレカ,,,,,,,,,カードローン,match_keywords,5,3998,4998,False
顔認証なし カードローン,,,,,,,,,カードローン,match_keywords,5,3998,4998,False
香川銀行 カードローン 審査,,,,,,,,,カードローン,match_keywords_limit300,9,4798,5398,False
