category,provider_name,legal_company_names,brand_or_product,kw_mention_count,example_keyword,priority,source_basis,source_urls,yahoo_product_count,manekai_item_count,product_catalog_count,product_examples,notes
銀行-ネット,セブン銀行,株式会社セブン銀行,セブン銀行カードローン | セブン銀行 ローンサービス,203,セブン銀行 カードローン,high,manekai_net_banks | ubersuggest_keyword_export | yahoo_finance_cardloan_item,https://finance.yahoo.co.jp/card-loan/item | https://manekai.ameba.jp/cardloan/company/net_banks/,1,1,2,セブン銀行カードローン | セブン銀行 ローンサービス,companyType=3 | scraped_from_manekai_company_category; also_seen=existing_provider_candidate | ネット銀行カードローン
銀行-メガ/都市,三井住友銀行,株式会社三井住友銀行,三井住友銀行カードローン | 三井住友銀行 カードローン,197,三井住友銀行 カードローン,high,manekai_city_banks | ubersuggest_keyword_export | yahoo_finance_cardloan_item,https://finance.yahoo.co.jp/card-loan/item | https://manekai.ameba.jp/cardloan/company/city_banks/,1,1,2,三井住友銀行カードローン | 三井住友銀行 カードローン,companyType=1 | scraped_from_manekai_company_category; also_seen=existing_provider_candidate | 銀行カードローン
銀行-メガ/都市,みずほ銀行,株式会社みずほ銀行,みずほ銀行カードローン,191,みずほ 銀行 カードローン,high,ubersuggest_keyword_export | yahoo_finance_cardloan_item,https://finance.yahoo.co.jp/card-loan/item,1,0,1,みずほ銀行カードローン,companyType=1; also_seen=manekai_city_banks; also_seen=existing_provider_candidate | 銀行カードローン
消費者金融・貸金業,三井住友カード,三井住友カード株式会社,SMBCモビット,186,三井住友カードローン,high,ubersuggest_keyword_export | yahoo_finance_cardloan_item,https://finance.yahoo.co.jp/card-loan/item,1,0,1,SMBCモビット,companyType=6; also_seen=existing_provider_candidate | 大手消費者金融
銀行-ネット,イオン銀行,,イオン銀行カードローン,159,カードローン イオン銀行,high,manekai_net_banks | ubersuggest_keyword_export,https://manekai.ameba.jp/cardloan/company/net_banks/,0,1,1,イオン銀行カードローン,scraped_from_manekai_company_category; also_seen=existing_provider_candidate | ネット/流通系銀行カードローン
銀行-ネット,PayPay銀行,PayPay銀行株式会社,PayPay銀行カードローン,95,pay pay 銀行カードローン,high,ubersuggest_keyword_export | yahoo_finance_cardloan_item,https://finance.yahoo.co.jp/card-loan/item,1,0,1,PayPay銀行カードローン,companyType=3; also_seen=manekai_net_banks; also_seen=existing_provider_candidate | ネット銀行カードローン
銀行-地方,横浜銀行,株式会社横浜銀行,横浜銀行カードローン,91,横浜銀行 カードローン,high,ubersuggest_keyword_export | yahoo_finance_cardloan_item,https://finance.yahoo.co.jp/card-loan/item,1,0,1,横浜銀行カードローン,companyType=2; also_seen=manekai_region_banks; also_seen=existing_provider_candidate | 地方銀行カードローン
消費者金融・貸金業,アコム,アコム株式会社,アコム,78,アコムのカードローン,high,ubersuggest_keyword_export | yahoo_finance_cardloan_item,https://finance.yahoo.co.jp/card-loan/item,1,0,1,アコム,companyType=6; also_seen=existing_provider_candidate | 大手消費者金融
銀行-メガ/都市,りそな銀行,株式会社りそな銀行,りそな銀行カードローン | りそなプレミアムカードローン,58,埼玉りそな銀行 カードローン,high,existing_provider_candidate | ubersuggest_keyword_export | yahoo_finance_cardloan_item,data/cardloan_provider_candidates.csv | https://finance.yahoo.co.jp/card-loan/item,1,0,2,りそな銀行カードローン | りそなプレミアムカードローン,companyType=1 | ubersuggest_keyword_export | 銀行カードローン
銀行-ネット,オリックス銀行,オリックス銀行株式会社,オリックス銀行カードローン | オリックス銀行 カードローン,50,オリックス 銀行カードローン,high,manekai_net_banks | ubersuggest_keyword_export | yahoo_finance_cardloan_item,https://finance.yahoo.co.jp/card-loan/item | https://manekai.ameba.jp/cardloan/company/net_banks/,1,1,2,オリックス銀行カードローン | オリックス銀行 カードローン,companyType=3 | scraped_from_manekai_company_category; also_seen=existing_provider_candidate | ネット銀行カードローン
銀行-地方,福岡銀行,株式会社福岡銀行,福岡銀行カードローン | カードローンTHE FIRST,48,福岡銀行カードローン,high,manekai_region_banks | ubersuggest_keyword_export | yahoo_finance_cardloan_item,https://finance.yahoo.co.jp/card-loan/item | https://manekai.ameba.jp/cardloan/company/region_banks/,1,1,2,福岡銀行カードローン | カードローンTHE FIRST,companyType=2 | scraped_from_manekai_company_category; also_seen=existing_provider_candidate | 地方銀行カードローン
協同組織・その他,ろうきん,,労働金庫カードローン,45,ろうきん カードローン,high,existing_provider_candidate | ubersuggest_keyword_export,data/cardloan_provider_candidates.csv,0,0,1,労働金庫カードローン,ubersuggest_keyword_export | 地域別展開候補
銀行-ネット,楽天銀行,楽天銀行株式会社,楽天銀行スーパーローン,42,カードローン 楽天銀行,high,ubersuggest_keyword_export | yahoo_finance_cardloan_item,https://finance.yahoo.co.jp/card-loan/item,1,0,1,楽天銀行スーパーローン,companyType=3; also_seen=existing_provider_candidate | ネット銀行カードローン
銀行-ネット,auじぶん銀行,auじぶん銀行株式会社,じぶんローン | auじぶん銀行カードローン,39,auじぶん銀行カードローン,high,existing_provider_candidate | ubersuggest_keyword_export | yahoo_finance_cardloan_item,data/cardloan_provider_candidates.csv | https://finance.yahoo.co.jp/card-loan/item,1,0,2,じぶんローン | auじぶん銀行カードローン,companyType=3; also_seen=manekai_net_banks | ubersuggest_keyword_export | ネット銀行カードローン
銀行-ネット,ソニー銀行,,ソニー銀行カードローン,37,ソニー銀行 カードローン,high,existing_provider_candidate | ubersuggest_keyword_export,data/cardloan_provider_candidates.csv,0,0,1,ソニー銀行カードローン,ubersuggest_keyword_export | ネット銀行カードローン
信販・カード,JCB,株式会社ジェーシービー,JCB CARD LOAN FAITH,32,jcbカードローン,high,ubersuggest_keyword_export | yahoo_finance_cardloan_item,https://finance.yahoo.co.jp/card-loan/item,1,0,1,JCB CARD LOAN FAITH,companyType=7; also_seen=existing_provider_candidate | 信販/カードローン
銀行-ネット,住信SBIネット銀行,住信SBIネット銀行株式会社,住信SBIネット銀行カードローン,32,住信sbiネット銀行 カードローン,high,ubersuggest_keyword_export | yahoo_finance_cardloan_item,https://finance.yahoo.co.jp/card-loan/item,1,0,1,住信SBIネット銀行カードローン,companyType=3; also_seen=manekai_net_banks; also_seen=existing_provider_candidate | ネット銀行カードローン
銀行-地方,千葉銀行,株式会社千葉銀行,ちばぎんカードローン | ちばぎんカードローン<プレミアクラス> | ちばぎんカードローンクイックパワー<アドバンス>,31,カードローン千葉銀行,high,existing_provider_candidate | ubersuggest_keyword_export | yahoo_finance_cardloan_item,data/cardloan_provider_candidates.csv | https://finance.yahoo.co.jp/card-loan/item,2,0,3,ちばぎんカードローン | ちばぎんカードローン<プレミアクラス> | ちばぎんカードローンクイックパワー<アドバンス>,companyType=2 | ubersuggest_keyword_export | 地方銀行カードローン
銀行-地方,スルガ銀行,,スルガ銀行カードローン,30,カードローン スルガ銀行,high,manekai_region_banks | ubersuggest_keyword_export,https://manekai.ameba.jp/cardloan/company/region_banks/,0,1,1,スルガ銀行カードローン,scraped_from_manekai_company_category; also_seen=existing_provider_candidate | 地方銀行カードローン
消費者金融・貸金業,いつも,,いつも,21,いつも カードローン,high,existing_provider_candidate | ubersuggest_keyword_export,data/cardloan_provider_candidates.csv,0,0,1,いつも,ubersuggest_keyword_export | 中小消費者金融
銀行-地方,北海道銀行,株式会社北海道銀行,北海道銀行カードローン | 北海道銀行カードローン「ラピッド」,17,北海道銀行 カードローン,high,manekai_region_banks | ubersuggest_keyword_export | yahoo_finance_cardloan_item,https://finance.yahoo.co.jp/card-loan/item | https://manekai.ameba.jp/cardloan/company/region_banks/,1,1,2,北海道銀行カードローン | 北海道銀行カードローン「ラピッド」,companyType=2 | scraped_from_manekai_company_category; also_seen=existing_provider_candidate | 地方銀行カードローン
銀行-メガ/都市,三菱UFJ銀行,株式会社三菱UFJ銀行,バンクイック | 三菱UFJ銀行カードローンバンクイック | 三菱UFJ銀行カードローン「バンクイック」,15,三菱ufj銀行 カードローン,high,existing_provider_candidate | manekai_city_banks | ubersuggest_keyword_export | yahoo_finance_cardloan_item,data/cardloan_provider_candidates.csv | https://finance.yahoo.co.jp/card-loan/item | https://manekai.ameba.jp/cardloan/company/city_banks/,1,1,3,バンクイック | 三菱UFJ銀行カードローンバンクイック | 三菱UFJ銀行カードローン「バンクイック」,companyType=1 | scraped_from_manekai_company_category | ubersuggest_keyword_export | 銀行カードローン
銀行-地方,足利銀行,株式会社足利銀行,あしぎんカードローン | 足利銀行カードローン<モシカ>,15,足利銀行カードローン,high,manekai_region_banks | ubersuggest_keyword_export | yahoo_finance_cardloan_item,https://finance.yahoo.co.jp/card-loan/item | https://manekai.ameba.jp/cardloan/company/region_banks/,1,1,2,あしぎんカードローン | 足利銀行カードローン<モシカ>,companyType=2 | scraped_from_manekai_company_category; also_seen=existing_provider_candidate | 地方銀行カードローン
銀行-地方,関西みらい銀行,,関西みらい銀行カードローン,15,関西みらい銀行 カードローン,high,existing_provider_candidate | ubersuggest_keyword_export,data/cardloan_provider_candidates.csv,0,0,1,関西みらい銀行カードローン,ubersuggest_keyword_export | 地方銀行カードローン
消費者金融・貸金業,SMBCコンシューマーファイナンス,SMBCコンシューマーファイナンス株式会社,プロミス | プロミス レディースキャッシング,13,プロミス カードローン,high,ubersuggest_keyword_export | yahoo_finance_cardloan_item,https://finance.yahoo.co.jp/card-loan/item,2,0,2,プロミス | プロミス レディースキャッシング,companyType=6 | companyType=6; also_seen=existing_provider_candidate | 大手消費者金融
消費者金融・貸金業 / 銀行-ネット,SBI新生銀行,新生フィナンシャル株式会社,レイク | SBI新生銀行カードローン,13,レイク カードローン,high,existing_provider_candidate | ubersuggest_keyword_export | yahoo_finance_cardloan_item,data/cardloan_provider_candidates.csv | https://finance.yahoo.co.jp/card-loan/item,1,0,2,レイク | SBI新生銀行カードローン,companyType=6; also_seen=existing_provider_candidate | ubersuggest_keyword_export | ネット/銀行カードローン | 大手消費者金融
銀行-地方,南都銀行,株式会社南都銀行,南都銀行カードローン,13,カードローン 南都銀行,high,ubersuggest_keyword_export | yahoo_finance_cardloan_item,https://finance.yahoo.co.jp/card-loan/item,1,0,1,南都銀行カードローン,companyType=2; also_seen=manekai_region_banks; also_seen=existing_provider_candidate | 地方銀行カードローン
銀行-地方,岩手銀行,,岩手銀行カードローン | 岩手銀行カードローン(エルパス),13,カードローン 岩手銀行,high,existing_provider_candidate | manekai_region_banks | ubersuggest_keyword_export,data/cardloan_provider_candidates.csv | https://manekai.ameba.jp/cardloan/company/region_banks/,0,1,2,岩手銀行カードローン | 岩手銀行カードローン(エルパス),scraped_from_manekai_company_category | ubersuggest_keyword_export | 地方銀行カードローン
銀行-地方,西日本シティ銀行,株式会社西日本シティ銀行,西日本シティ銀行カードローン | NCB カードローンVCLASS,11,西日本 シティ銀行カードローン,high,ubersuggest_keyword_export | yahoo_finance_cardloan_item,https://finance.yahoo.co.jp/card-loan/item,2,0,2,西日本シティ銀行カードローン | NCB カードローンVCLASS,companyType=2 | companyType=2; also_seen=manekai_region_banks; also_seen=existing_provider_candidate | 地方銀行カードローン
銀行-その他 / 銀行-地方,東京スター銀行,株式会社東京スター銀行,スターカードローン | スターカードローンα | 東京スター銀行カードローン | おまとめローン(スターワン乗り換えローン),10,東京スター銀行カードローン,high,existing_provider_candidate | manekai_region_banks | ubersuggest_keyword_export | yahoo_finance_cardloan_item,data/cardloan_provider_candidates.csv | https://finance.yahoo.co.jp/card-loan/item | https://manekai.ameba.jp/cardloan/company/region_banks/,2,1,4,スターカードローン | スターカードローンα | 東京スター銀行カードローン | おまとめローン(スターワン乗り換えローン),companyType=2 | scraped_from_manekai_company_category | ubersuggest_keyword_export | 銀行カードローン
銀行-地方,きらぼし銀行,株式会社きらぼし銀行,きらぼし銀行カードローン,10,きら ぼ し 銀行カードローン,high,ubersuggest_keyword_export | yahoo_finance_cardloan_item,https://finance.yahoo.co.jp/card-loan/item,1,0,1,きらぼし銀行カードローン,companyType=2; also_seen=existing_provider_candidate | 地方銀行カードローン
銀行-地方,十六銀行,株式会社十六銀行,Q-LOAN | 十六銀行カードローン,8,十 六 銀行カードローン,medium,manekai_region_banks | ubersuggest_keyword_export | yahoo_finance_cardloan_item,https://finance.yahoo.co.jp/card-loan/item | https://manekai.ameba.jp/cardloan/company/region_banks/,1,1,2,Q-LOAN | 十六銀行カードローン,companyType=2 | scraped_from_manekai_company_category; also_seen=existing_provider_candidate | 地方銀行カードローン
銀行-地方,トマト銀行,株式会社トマト銀行,スピード王 | Q-Li[キューリ] | トマト銀行カードローン | トマト・カードローンMAX | はなまるポケットカードローン300,7,トマト銀行 カードローン,medium,manekai_region_banks | yahoo_finance_cardloan_item,https://finance.yahoo.co.jp/card-loan/item | https://manekai.ameba.jp/cardloan/company/region_banks/,4,1,5,スピード王 | Q-Li[キューリ] | トマト銀行カードローン | トマト・カードローンMAX | はなまるポケットカードローン300,companyType=2 | scraped_from_manekai_company_category
銀行-地方,京葉銀行,,京葉銀行カードローン,7,カードローン 京葉銀行,medium,manekai_region_banks | ubersuggest_keyword_export,https://manekai.ameba.jp/cardloan/company/region_banks/,0,1,1,京葉銀行カードローン,scraped_from_manekai_company_category; also_seen=existing_provider_candidate | 地方銀行カードローン
銀行-地方,静岡銀行,株式会社静岡銀行,ミープラス | しずぎんカードローン | 静岡銀行カードローン | 静岡銀行カードローン セレカ,7,カードローン 静岡銀行,medium,existing_provider_candidate | manekai_region_banks | ubersuggest_keyword_export | yahoo_finance_cardloan_item,data/cardloan_provider_candidates.csv | https://finance.yahoo.co.jp/card-loan/item | https://manekai.ameba.jp/cardloan/company/region_banks/,2,1,4,ミープラス | しずぎんカードローン | 静岡銀行カードローン | 静岡銀行カードローン セレカ,companyType=2 | scraped_from_manekai_company_category | ubersuggest_keyword_export | 地方銀行カードローン
銀行-その他,ゆうちょ銀行,,ゆうちょ銀行カードローン,5,ゆうちょ銀行 カードローン,medium,manekai_other_banks,https://manekai.ameba.jp/cardloan/company/other_banks/,0,1,1,ゆうちょ銀行カードローン,scraped_from_manekai_company_category
銀行-地方,みちのく銀行,,みちのく銀行カードローン,5,青森みちのく銀行 カードローン,medium,manekai_region_banks,https://manekai.ameba.jp/cardloan/company/region_banks/,0,1,1,みちのく銀行カードローン,scraped_from_manekai_company_category
銀行-地方,みなと銀行,株式会社みなと銀行,みなとカードローン | みなと銀行カードローン,5,みなと銀行 カードローン,medium,manekai_region_banks | yahoo_finance_cardloan_item,https://finance.yahoo.co.jp/card-loan/item | https://manekai.ameba.jp/cardloan/company/region_banks/,1,1,2,みなとカードローン | みなと銀行カードローン,companyType=2 | scraped_from_manekai_company_category
銀行-地方,京都銀行,株式会社京都銀行,京都銀行カードローン | 京都銀行カードローン <ダイレクト>,5,京都銀行カードローン,medium,manekai_region_banks | ubersuggest_keyword_export | yahoo_finance_cardloan_item,https://finance.yahoo.co.jp/card-loan/item | https://manekai.ameba.jp/cardloan/company/region_banks/,1,1,2,京都銀行カードローン | 京都銀行カードローン <ダイレクト>,companyType=2 | scraped_from_manekai_company_category; also_seen=existing_provider_candidate | 地方銀行カードローン
銀行-地方,仙台銀行,株式会社仙台銀行,カードローンNEO | 仙台銀行カードローン,5,カードローン 仙台銀行,medium,manekai_region_banks | ubersuggest_keyword_export | yahoo_finance_cardloan_item,https://finance.yahoo.co.jp/card-loan/item | https://manekai.ameba.jp/cardloan/company/region_banks/,1,1,2,カードローンNEO | 仙台銀行カードローン,companyType=2 | scraped_from_manekai_company_category; also_seen=existing_provider_candidate | 地方銀行カードローン
銀行-地方,武蔵野銀行,株式会社武蔵野銀行,武蔵野銀行カードローン | むさしのスマートネクスト | カードローン むさしのスマートネクスト,5,武蔵野銀行 カードローン,medium,existing_provider_candidate | manekai_region_banks | ubersuggest_keyword_export | yahoo_finance_cardloan_item,data/cardloan_provider_candidates.csv | https://finance.yahoo.co.jp/card-loan/item | https://manekai.ameba.jp/cardloan/company/region_banks/,1,1,3,武蔵野銀行カードローン | むさしのスマートネクスト | カードローン むさしのスマートネクスト,companyType=2 | scraped_from_manekai_company_category | ubersuggest_keyword_export | 地方銀行カードローン
銀行-地方,熊本銀行,,熊本銀行カードローン,5,熊本銀行 カードローン,medium,manekai_region_banks | ubersuggest_keyword_export,https://manekai.ameba.jp/cardloan/company/region_banks/,0,1,1,熊本銀行カードローン,scraped_from_manekai_company_category; also_seen=existing_provider_candidate | 地方銀行カードローン
銀行-地方,もみじ銀行,株式会社もみじ銀行,マイカードもみじ君 | もみじ銀行カードローン,4,もみじ銀行 カードローン,medium,manekai_region_banks | ubersuggest_keyword_export | yahoo_finance_cardloan_item,https://finance.yahoo.co.jp/card-loan/item | https://manekai.ameba.jp/cardloan/company/region_banks/,1,1,2,マイカードもみじ君 | もみじ銀行カードローン,companyType=2 | scraped_from_manekai_company_category; also_seen=existing_provider_candidate | 地方銀行カードローン
銀行-地方,七十七銀行,,七十七銀行カードローン,4,カードローン 七十七銀行,medium,manekai_region_banks | ubersuggest_keyword_export,https://manekai.ameba.jp/cardloan/company/region_banks/,0,1,1,七十七銀行カードローン,scraped_from_manekai_company_category; also_seen=existing_provider_candidate | 地方銀行カードローン
銀行-地方,四国銀行,,四国銀行カードローン,4,カードローン 四国銀行,medium,manekai_region_banks | ubersuggest_keyword_export,https://manekai.ameba.jp/cardloan/company/region_banks/,0,1,1,四国銀行カードローン,scraped_from_manekai_company_category; also_seen=existing_provider_candidate | 地方銀行カードローン
銀行-地方,常陽銀行,株式会社常陽銀行,常陽銀行カードローン | 常陽ベストカードプレミア | 常陽銀行カードローン「キャッシュピット」,4,カードローン 常陽銀行,medium,manekai_region_banks | ubersuggest_keyword_export | yahoo_finance_cardloan_item,https://finance.yahoo.co.jp/card-loan/item | https://manekai.ameba.jp/cardloan/company/region_banks/,2,1,3,常陽銀行カードローン | 常陽ベストカードプレミア | 常陽銀行カードローン「キャッシュピット」,companyType=2 | scraped_from_manekai_company_category; also_seen=existing_provider_candidate | 地方銀行カードローン
銀行-地方,滋賀銀行,,滋賀銀行カードローン,4,カードローン 滋賀銀行,medium,existing_provider_candidate | ubersuggest_keyword_export,data/cardloan_provider_candidates.csv,0,0,1,滋賀銀行カードローン,ubersuggest_keyword_export | 地方銀行カードローン
銀行-地方,筑波銀行,,筑波銀行カードローン,4,筑波銀行 カードローン,medium,manekai_region_banks | ubersuggest_keyword_export,https://manekai.ameba.jp/cardloan/company/region_banks/,0,1,1,筑波銀行カードローン,scraped_from_manekai_company_category; also_seen=existing_provider_candidate | 地方銀行カードローン
銀行-地方,肥後銀行,株式会社肥後銀行,肥後銀行カードローン | BEST ASSIST | カードローン Back Up | 肥後銀行 WEBカードローン,4,カードローン 肥後銀行,medium,manekai_region_banks | ubersuggest_keyword_export | yahoo_finance_cardloan_item,https://finance.yahoo.co.jp/card-loan/item | https://manekai.ameba.jp/cardloan/company/region_banks/,3,1,4,肥後銀行カードローン | BEST ASSIST | カードローン Back Up | 肥後銀行 WEBカードローン,companyType=2 | scraped_from_manekai_company_category; also_seen=existing_provider_candidate | 地方銀行カードローン
スマホローン・周辺,auフィナンシャルサービス,,au PAY スマートローン,3,au スマートローン カードローン 違い,medium,existing_provider_candidate | ubersuggest_keyword_export,data/cardloan_provider_candidates.csv,0,0,1,au PAY スマートローン,ubersuggest_keyword_export | カードローン周辺
消費者金融・貸金業,アイフル,アイフル株式会社,アイフル | おまとめMAX | かりかえMAX,3,アイフル カードローン,medium,ubersuggest_keyword_export | yahoo_finance_cardloan_item,https://finance.yahoo.co.jp/card-loan/item,3,0,3,アイフル | おまとめMAX | かりかえMAX,companyType=6 | companyType=6; also_seen=existing_provider_candidate | 大手消費者金融
消費者金融・貸金業,ダイレクトワン,ダイレクトワン株式会社,ダイレクトワン,3,ダイレクトワン カードローン,medium,ubersuggest_keyword_export | yahoo_finance_cardloan_item,https://finance.yahoo.co.jp/card-loan/item,1,0,1,ダイレクトワン,companyType=6; also_seen=existing_provider_candidate | 中堅消費者金融
銀行-地方,伊予銀行,株式会社伊予銀行,伊予銀行カードローン | いよぎん新スピードカードローン,3,カードローン 伊予銀行,medium,manekai_region_banks | ubersuggest_keyword_export | yahoo_finance_cardloan_item,https://finance.yahoo.co.jp/card-loan/item | https://manekai.ameba.jp/cardloan/company/region_banks/,1,1,2,伊予銀行カードローン | いよぎん新スピードカードローン,companyType=2 | scraped_from_manekai_company_category; also_seen=existing_provider_candidate | 地方銀行カードローン
銀行-地方,八十二銀行,,八十二銀行カードローン,3,カードローン 八十二銀行,medium,manekai_region_banks | ubersuggest_keyword_export,https://manekai.ameba.jp/cardloan/company/region_banks/,0,1,1,八十二銀行カードローン,scraped_from_manekai_company_category; also_seen=existing_provider_candidate | 地方銀行カードローン
銀行-地方,北越銀行,,北越銀行カードローン,3,第四 北越銀行 カードローン,medium,manekai_region_banks,https://manekai.ameba.jp/cardloan/company/region_banks/,0,1,1,北越銀行カードローン,scraped_from_manekai_company_category
銀行-地方,大分銀行,株式会社大分銀行,大分銀行カードローン | 大分銀行ハッピーカードローン,3,大分銀行 カードローン,medium,manekai_region_banks | ubersuggest_keyword_export | yahoo_finance_cardloan_item,https://finance.yahoo.co.jp/card-loan/item | https://manekai.ameba.jp/cardloan/company/region_banks/,1,1,2,大分銀行カードローン | 大分銀行ハッピーカードローン,companyType=2 | scraped_from_manekai_company_category; also_seen=existing_provider_candidate | 地方銀行カードローン
銀行-地方,広島銀行,,広島銀行カードローン,3,カードローン 広島銀行,medium,manekai_region_banks | ubersuggest_keyword_export,https://manekai.ameba.jp/cardloan/company/region_banks/,0,1,1,広島銀行カードローン,scraped_from_manekai_company_category; also_seen=existing_provider_candidate | 地方銀行カードローン
銀行-地方,愛知銀行,,愛知銀行カードローン,3,カードローン 愛知銀行,medium,manekai_region_banks | ubersuggest_keyword_export,https://manekai.ameba.jp/cardloan/company/region_banks/,0,1,1,愛知銀行カードローン,scraped_from_manekai_company_category; also_seen=existing_provider_candidate | 地方銀行カードローン
銀行-地方,東北銀行,株式会社東北銀行,とうぎんシニアローン | 東北銀行カードローン | カードローン「すいっち」,3,東北銀行 カードローン,medium,manekai_region_banks | ubersuggest_keyword_export | yahoo_finance_cardloan_item,https://finance.yahoo.co.jp/card-loan/item | https://manekai.ameba.jp/cardloan/company/region_banks/,2,1,3,とうぎんシニアローン | 東北銀行カードローン | カードローン「すいっち」,companyType=2 | scraped_from_manekai_company_category; also_seen=existing_provider_candidate | 地方銀行カードローン
銀行-地方,東邦銀行,,東邦銀行カードローン,3,東邦銀行 カードローン,medium,manekai_region_banks | ubersuggest_keyword_export,https://manekai.ameba.jp/cardloan/company/region_banks/,0,1,1,東邦銀行カードローン,scraped_from_manekai_company_category; also_seen=existing_provider_candidate | 地方銀行カードローン
銀行-地方,栃木銀行,株式会社栃木銀行,栃木銀行カードローン | とちぎんスマイルカードローン,3,栃木銀行 カードローン,medium,manekai_region_banks | yahoo_finance_cardloan_item,https://finance.yahoo.co.jp/card-loan/item | https://manekai.ameba.jp/cardloan/company/region_banks/,1,1,2,栃木銀行カードローン | とちぎんスマイルカードローン,companyType=2 | scraped_from_manekai_company_category
銀行-地方,琉球銀行,株式会社 琉球銀行,琉球銀行カードローン | しあわせのカードローン,3,琉球銀行 カードローン,medium,manekai_region_banks | ubersuggest_keyword_export | yahoo_finance_cardloan_item,https://finance.yahoo.co.jp/card-loan/item | https://manekai.ameba.jp/cardloan/company/region_banks/,1,1,2,琉球銀行カードローン | しあわせのカードローン,companyType=2 | scraped_from_manekai_company_category; also_seen=existing_provider_candidate | 地方銀行カードローン
銀行-地方,百五銀行,株式会社 百五銀行,百五銀行カードローン | 百五銀行カードローン「DREAM」,3,カードローン 百五銀行,medium,manekai_region_banks | ubersuggest_keyword_export | yahoo_finance_cardloan_item,https://finance.yahoo.co.jp/card-loan/item | https://manekai.ameba.jp/cardloan/company/region_banks/,1,1,2,百五銀行カードローン | 百五銀行カードローン「DREAM」,companyType=2 | scraped_from_manekai_company_category; also_seen=existing_provider_candidate | 地方銀行カードローン
銀行-地方,秋田銀行,株式会社秋田銀行,秋田銀行カードローン | <あきぎん>プライムカード | 秋田銀行カードローン<あきぎん>スマートネクスト,3,カードローン 秋田銀行,medium,manekai_region_banks | ubersuggest_keyword_export | yahoo_finance_cardloan_item,https://finance.yahoo.co.jp/card-loan/item | https://manekai.ameba.jp/cardloan/company/region_banks/,2,1,3,秋田銀行カードローン | <あきぎん>プライムカード | 秋田銀行カードローン<あきぎん>スマートネクスト,companyType=2 | scraped_from_manekai_company_category; also_seen=existing_provider_candidate | 地方銀行カードローン
銀行-地方,第四北越銀行,株式会社第四北越銀行,ASCA(アスカ) | 第四北越銀行カードローン,3,第四 北越銀行 カードローン,medium,existing_provider_candidate | ubersuggest_keyword_export | yahoo_finance_cardloan_item,data/cardloan_provider_candidates.csv | https://finance.yahoo.co.jp/card-loan/item,1,0,2,ASCA(アスカ) | 第四北越銀行カードローン,companyType=2 | ubersuggest_keyword_export | 地方銀行カードローン
銀行-地方,鹿児島銀行,株式会社鹿児島銀行,鹿児島銀行カードローン | かぎんカードローンS(エス)(返済用口座引落型),3,カードローン 鹿児島銀行,medium,manekai_region_banks | ubersuggest_keyword_export | yahoo_finance_cardloan_item,https://finance.yahoo.co.jp/card-loan/item | https://manekai.ameba.jp/cardloan/company/region_banks/,1,1,2,鹿児島銀行カードローン | かぎんカードローンS(エス)(返済用口座引落型),companyType=2 | scraped_from_manekai_company_category; also_seen=existing_provider_candidate | 地方銀行カードローン
信販・カード,クレディセゾン,株式会社クレディセゾン,MONEY CARD | クレディセゾン カードローン | MONEY CARD GOLD | メンバーズローン(フリーコース) | メンバーズローン(総合目的コース),2,セゾンのカードローン money card gold,medium,existing_provider_candidate | manekai_credit_companies | ubersuggest_keyword_export | yahoo_finance_cardloan_item,data/cardloan_provider_candidates.csv | https://finance.yahoo.co.jp/card-loan/item | https://manekai.ameba.jp/cardloan/company/credit_companies/,3,1,5,MONEY CARD | クレディセゾン カードローン | MONEY CARD GOLD | メンバーズローン(フリーコース) | メンバーズローン(総合目的コース),companyType=7 | scraped_from_manekai_company_category | ubersuggest_keyword_export | 信販/カードローン
信販・カード / 消費者金融・貸金業,オリックス・クレジット,,オリックスVIPローンカード | ORIX MONEY / VIPローンカード,2,オリックス vip カードローン ログイン,medium,existing_provider_candidate | manekai_consumer | manual_provider_candidate,data/cardloan_provider_candidates.csv | https://manekai.ameba.jp/cardloan/company/consumer/,0,1,2,オリックスVIPローンカード | ORIX MONEY / VIPローンカード,manual_provider_candidate | scraped_from_manekai_company_category | 信販/カードローン
消費者金融・貸金業,セントラル,,セントラル,2,セントラル カードローン,medium,existing_provider_candidate | ubersuggest_keyword_export,data/cardloan_provider_candidates.csv,0,0,1,セントラル,ubersuggest_keyword_export | 中小消費者金融
消費者金融・貸金業,フタバ,,フタバ,2,カードローン フタバ,medium,existing_provider_candidate | ubersuggest_keyword_export,data/cardloan_provider_candidates.csv,0,0,1,フタバ,ubersuggest_keyword_export | 中小消費者金融
消費者金融・貸金業,ベルーナノーティス,,ベルーナノーティス,2,ベルーナノーティス カードローン,medium,existing_provider_candidate | ubersuggest_keyword_export,data/cardloan_provider_candidates.csv,0,0,1,ベルーナノーティス,ubersuggest_keyword_export | 中堅消費者金融
銀行-ネット,楽天銀行スーパー,,楽天銀行スーパーローン,2,楽天銀行スーパー カードローン,medium,manekai_net_banks,https://manekai.ameba.jp/cardloan/company/net_banks/,0,1,1,楽天銀行スーパーローン,scraped_from_manekai_company_category
銀行-メガ/都市 / 銀行-地方,埼玉りそな銀行,株式会社 埼玉りそな銀行,埼玉りそな銀行カードローン | 埼玉りそな銀行 りそなプレミアムカードローン,2,埼玉りそな銀行 カードローン,medium,existing_provider_candidate | ubersuggest_keyword_export | yahoo_finance_cardloan_item,data/cardloan_provider_candidates.csv | https://finance.yahoo.co.jp/card-loan/item,1,0,2,埼玉りそな銀行カードローン | 埼玉りそな銀行 りそなプレミアムカードローン,companyType=2 | ubersuggest_keyword_export | 銀行カードローン
銀行-地方,三十三銀行,株式会社三十三銀行,三十三銀行 カードローン,2,三十三銀行 カードローン,medium,yahoo_finance_cardloan_item,https://finance.yahoo.co.jp/card-loan/item,1,0,1,三十三銀行 カードローン,companyType=2
銀行-地方,中国銀行,,中国銀行カードローン,2,カードローン 中国銀行,medium,manekai_region_banks | ubersuggest_keyword_export,https://manekai.ameba.jp/cardloan/company/region_banks/,0,1,1,中国銀行カードローン,scraped_from_manekai_company_category; also_seen=existing_provider_candidate | 地方銀行カードローン
銀行-地方,但馬銀行,,但馬銀行カードローン,2,但馬銀行カードローン 残高 確認,medium,manekai_region_banks | ubersuggest_keyword_export,https://manekai.ameba.jp/cardloan/company/region_banks/,0,1,1,但馬銀行カードローン,scraped_from_manekai_company_category; also_seen=existing_provider_candidate | 地方銀行カードローン
銀行-地方,北洋銀行,株式会社北洋銀行,スーパーアルカ | 北洋銀行カードローン,2,北洋銀行 カードローン,medium,manekai_region_banks | ubersuggest_keyword_export | yahoo_finance_cardloan_item,https://finance.yahoo.co.jp/card-loan/item | https://manekai.ameba.jp/cardloan/company/region_banks/,1,1,2,スーパーアルカ | 北洋銀行カードローン,companyType=2 | scraped_from_manekai_company_category; also_seen=existing_provider_candidate | 地方銀行カードローン
銀行-地方,十八親和銀行,,十八親和銀行カードローン,2,十 八 親和銀行カードローン,medium,manekai_region_banks | ubersuggest_keyword_export,https://manekai.ameba.jp/cardloan/company/region_banks/,0,1,1,十八親和銀行カードローン,scraped_from_manekai_company_category; also_seen=existing_provider_candidate | 地方銀行カードローン
銀行-地方,大光銀行,株式会社大光銀行,カードローンLUXZO | 大光銀行「たいこうカードローンEX」,2,大光銀行カードローン,medium,manekai_region_banks | yahoo_finance_cardloan_item,https://finance.yahoo.co.jp/card-loan/item | https://manekai.ameba.jp/cardloan/company/region_banks/,1,1,2,カードローンLUXZO | 大光銀行「たいこうカードローンEX」,companyType=2 | scraped_from_manekai_company_category
銀行-地方,宮崎銀行,,宮崎銀行カードローン,2,宮崎銀行 カードローン,medium,manekai_region_banks | ubersuggest_keyword_export,https://manekai.ameba.jp/cardloan/company/region_banks/,0,1,1,宮崎銀行カードローン,scraped_from_manekai_company_category; also_seen=existing_provider_candidate | 地方銀行カードローン
銀行-地方,山口銀行,株式会社山口銀行,マイカードやまぐち君 | 山口銀行カードローン | 山口銀行 ミニカードローン,2,山口銀行 カードローン,medium,manekai_region_banks | ubersuggest_keyword_export | yahoo_finance_cardloan_item,https://finance.yahoo.co.jp/card-loan/item | https://manekai.ameba.jp/cardloan/company/region_banks/,2,1,3,マイカードやまぐち君 | 山口銀行カードローン | 山口銀行 ミニカードローン,companyType=2 | scraped_from_manekai_company_category; also_seen=existing_provider_candidate | 地方銀行カードローン
銀行-地方,山形銀行,,山形銀行カードローン,2,山形銀行 カードローン,medium,manekai_region_banks | ubersuggest_keyword_export,https://manekai.ameba.jp/cardloan/company/region_banks/,0,1,1,山形銀行カードローン,scraped_from_manekai_company_category; also_seen=existing_provider_candidate | 地方銀行カードローン
銀行-地方,山梨中央銀行,株式会社山梨中央銀行,ライフサポートローン | 山梨中央銀行カードローン | waku waku エブリ | waku waku Smart,2,山梨中央銀行 カードローン,medium,manekai_region_banks | ubersuggest_keyword_export | yahoo_finance_cardloan_item,https://finance.yahoo.co.jp/card-loan/item | https://manekai.ameba.jp/cardloan/company/region_banks/,3,1,4,ライフサポートローン | 山梨中央銀行カードローン | waku waku エブリ | waku waku Smart,companyType=2 | scraped_from_manekai_company_category; also_seen=existing_provider_candidate | 地方銀行カードローン
銀行-地方,愛媛銀行,株式会社愛媛銀行,愛媛銀行カードローン | ひめぎんアプリカードローン | ひめぎんクイックカードローン | ひめぎんカードローン・サポート,2,愛媛銀行 カードローン,medium,manekai_region_banks | yahoo_finance_cardloan_item,https://finance.yahoo.co.jp/card-loan/item | https://manekai.ameba.jp/cardloan/company/region_banks/,3,1,4,愛媛銀行カードローン | ひめぎんアプリカードローン | ひめぎんクイックカードローン | ひめぎんカードローン・サポート,companyType=2 | scraped_from_manekai_company_category
銀行-地方,東和銀行,株式会社東和銀行,スピード王MAX | 東和銀行カードローン,2,東和銀行カードローン 審査,medium,manekai_region_banks | yahoo_finance_cardloan_item,https://finance.yahoo.co.jp/card-loan/item | https://manekai.ameba.jp/cardloan/company/region_banks/,1,1,2,スピード王MAX | 東和銀行カードローン,companyType=2 | scraped_from_manekai_company_category
銀行-地方,池田泉州銀行,株式会社池田泉州銀行,マックスファイブ | 池田泉州銀行カードローン | 池田泉州銀行 カードローン(キャッシュカード一体型),2,池田泉州銀行 カードローン,medium,manekai_region_banks | ubersuggest_keyword_export | yahoo_finance_cardloan_item,https://finance.yahoo.co.jp/card-loan/item | https://manekai.ameba.jp/cardloan/company/region_banks/,2,1,3,マックスファイブ | 池田泉州銀行カードローン | 池田泉州銀行 カードローン(キャッシュカード一体型),companyType=2 | scraped_from_manekai_company_category; also_seen=existing_provider_candidate | 地方銀行カードローン
銀行-地方,福井銀行,株式会社福井銀行,福井銀行カードローン,2,カードローン 福井銀行,medium,ubersuggest_keyword_export | yahoo_finance_cardloan_item,https://finance.yahoo.co.jp/card-loan/item,1,0,1,福井銀行カードローン,companyType=2; also_seen=manekai_region_banks; also_seen=existing_provider_candidate | 地方銀行カードローン
銀行-地方,紀陽銀行,株式会社紀陽銀行,紀陽銀行カードローン | 紀陽銀行カードローンプラス,2,紀陽銀行 カードローン,medium,manekai_region_banks | ubersuggest_keyword_export | yahoo_finance_cardloan_item,https://finance.yahoo.co.jp/card-loan/item | https://manekai.ameba.jp/cardloan/company/region_banks/,1,1,2,紀陽銀行カードローン | 紀陽銀行カードローンプラス,companyType=2 | scraped_from_manekai_company_category; also_seen=existing_provider_candidate | 地方銀行カードローン
銀行-地方,阿波銀行,株式会社阿波銀行,阿波銀行カードローン | あわぎんスマートネクスト,2,阿波銀行 カードローン,medium,manekai_region_banks | ubersuggest_keyword_export | yahoo_finance_cardloan_item,https://finance.yahoo.co.jp/card-loan/item | https://manekai.ameba.jp/cardloan/company/region_banks/,1,1,2,阿波銀行カードローン | あわぎんスマートネクスト,companyType=2 | scraped_from_manekai_company_category; also_seen=existing_provider_candidate | 地方銀行カードローン
銀行-地方,青森みちのく銀行,株式会社青森みちのく銀行,青森みちのくカードローン | 青森みちのく銀行カードローン,2,青森みちのく銀行 カードローン,medium,existing_provider_candidate | ubersuggest_keyword_export | yahoo_finance_cardloan_item,data/cardloan_provider_candidates.csv | https://finance.yahoo.co.jp/card-loan/item,1,0,2,青森みちのくカードローン | 青森みちのく銀行カードローン,companyType=2 | ubersuggest_keyword_export | 地方銀行カードローン
銀行-地方,青森銀行,,青森銀行カードローン,2,カードローン 青森銀行,medium,manekai_region_banks | ubersuggest_keyword_export,https://manekai.ameba.jp/cardloan/company/region_banks/,0,1,1,青森銀行カードローン,scraped_from_manekai_company_category; also_seen=existing_provider_candidate | 地方銀行カードローン
スマホローン・周辺,NTTドコモ,株式会社NTTドコモ,dスマホローン,1,dスマホローンとカードローンの違いは何ですか,medium,ubersuggest_keyword_export | yahoo_finance_cardloan_item,https://finance.yahoo.co.jp/card-loan/item,1,0,1,dスマホローン,companyType=9; also_seen=existing_provider_candidate | カードローン周辺
スマホローン・周辺,メルペイ,,メルペイスマートマネー,1,メルペイスマートマネーはカードローン,medium,existing_provider_candidate | ubersuggest_keyword_export,data/cardloan_provider_candidates.csv,0,0,1,メルペイスマートマネー,ubersuggest_keyword_export | カードローン周辺
信用金庫,多摩信用金庫,,多摩信用金庫カードローン,1,多摩信用金庫カードローン,medium,manekai_credit_associations,https://manekai.ameba.jp/cardloan/company/credit_associations/,0,1,1,多摩信用金庫カードローン,scraped_from_manekai_company_category
信販・カード,ジャックス,株式会社ジャックス,ミラジツカードレス<子育てサポートコース> | ミラジツカードレス<社会人ステップアップコース>,1,ジャックス カードローン,medium,yahoo_finance_cardloan_item,https://finance.yahoo.co.jp/card-loan/item,2,0,2,ミラジツカードレス<子育てサポートコース> | ミラジツカードレス<社会人ステップアップコース>,companyType=7
信販・カード,出光クレジット,出光クレジット株式会社,出光カードローン,1,出光カードローン,medium,yahoo_finance_cardloan_item,https://finance.yahoo.co.jp/card-loan/item,1,0,1,出光カードローン,companyType=7
協同組織・その他,JAバンク,,JAバンクカードローン,1,カードローン jaバンク,medium,existing_provider_candidate | ubersuggest_keyword_export,data/cardloan_provider_candidates.csv,0,0,1,JAバンクカードローン,ubersuggest_keyword_export | 地域別展開候補
消費者金融・貸金業,AZ,,AZ,1,カードローン az,medium,existing_provider_candidate | ubersuggest_keyword_export,data/cardloan_provider_candidates.csv,0,0,1,AZ,ubersuggest_keyword_export | 中小消費者金融
消費者金融・貸金業,LINE Credit,LINE Credit 株式会社,LINEポケットマネー,1,lineポケットマネーはカードローン,medium,ubersuggest_keyword_export | yahoo_finance_cardloan_item,https://finance.yahoo.co.jp/card-loan/item,1,0,1,LINEポケットマネー,companyType=6; also_seen=existing_provider_candidate | カードローン周辺
消費者金融・貸金業,アロー,,アロー,1,カードローン アロー,medium,existing_provider_candidate | ubersuggest_keyword_export,data/cardloan_provider_candidates.csv,0,0,1,アロー,ubersuggest_keyword_export | 中小消費者金融
消費者金融・貸金業,キャネット,株式会社キャネット,キャネット | キャネット ローン,1,カードローン キャネット,medium,existing_provider_candidate | ubersuggest_keyword_export | yahoo_finance_cardloan_item,data/cardloan_provider_candidates.csv | https://finance.yahoo.co.jp/card-loan/item,1,0,2,キャネット | キャネット ローン,companyType=6 | ubersuggest_keyword_export | 中小消費者金融
消費者金融・貸金業,ニチデン,,ニチデン,1,ニチデン カードローン,medium,existing_provider_candidate | ubersuggest_keyword_export,data/cardloan_provider_candidates.csv,0,0,1,ニチデン,ubersuggest_keyword_export | 中小消費者金融
消費者金融・貸金業,フクホー,,フクホー,1,カードローン 在籍確認なし フクホー,medium,existing_provider_candidate | ubersuggest_keyword_export,data/cardloan_provider_candidates.csv,0,0,1,フクホー,ubersuggest_keyword_export | 中小消費者金融
消費者金融・貸金業,ライフティ,,ライフティ カードローン,1,ライフティのカードローン,medium,manekai_consumer,https://manekai.ameba.jp/cardloan/company/consumer/,0,1,1,ライフティ カードローン,scraped_from_manekai_company_category
消費者金融・貸金業,新生フィナンシャル,,ノーローン,1,ノーローン カードローン,medium,existing_provider_candidate | ubersuggest_keyword_export,data/cardloan_provider_candidates.csv,0,0,1,ノーローン,ubersuggest_keyword_export | 旧ブランド/要確認
銀行-その他,近畿ろうきん,,近畿ろうきんカードローン,1,近畿ろうきんカードローン,medium,manekai_other_banks,https://manekai.ameba.jp/cardloan/company/other_banks/,0,1,1,近畿ろうきんカードローン,scraped_from_manekai_company_category
銀行-ネット,GMOあおぞらネット銀行,,GMOあおぞらネット銀行カードローン候補,1,gmoあおぞらネット銀行カードローン,medium,existing_provider_candidate | ubersuggest_keyword_export,data/cardloan_provider_candidates.csv,0,0,1,GMOあおぞらネット銀行カードローン候補,ubersuggest_keyword_export | 要確認/検索候補
銀行-メガ/都市,SBJ銀行,株式会社SBJ銀行,SBJカードローン「ぐでっと」,1,sbj銀行カードローン,medium,yahoo_finance_cardloan_item,https://finance.yahoo.co.jp/card-loan/item,1,0,1,SBJカードローン「ぐでっと」,companyType=1
銀行-地方,佐賀共栄銀行,株式会社佐賀共栄銀行,カードローンえびす | 佐賀共栄銀行カードローン,1,カードローンえびす,medium,manekai_region_banks | yahoo_finance_cardloan_item,https://finance.yahoo.co.jp/card-loan/item | https://manekai.ameba.jp/cardloan/company/region_banks/,1,1,2,カードローンえびす | 佐賀共栄銀行カードローン,companyType=2 | scraped_from_manekai_company_category
銀行-地方,佐賀銀行,株式会社佐賀銀行,佐賀銀行カードローン | 佐賀銀行 カードローン,1,佐賀銀行 カードローン,medium,manekai_region_banks | ubersuggest_keyword_export | yahoo_finance_cardloan_item,https://finance.yahoo.co.jp/card-loan/item | https://manekai.ameba.jp/cardloan/company/region_banks/,1,1,2,佐賀銀行カードローン | 佐賀銀行 カードローン,companyType=2 | scraped_from_manekai_company_category; also_seen=existing_provider_candidate | 地方銀行カードローン
銀行-地方,北九州銀行,株式会社北九州銀行,北九州銀行カードローン | マイカード きたきゅう君 | 北九州銀行 ミニカードローン,1,北九州 銀行カードローン 審査結果,medium,manekai_region_banks | ubersuggest_keyword_export | yahoo_finance_cardloan_item,https://finance.yahoo.co.jp/card-loan/item | https://manekai.ameba.jp/cardloan/company/region_banks/,2,1,3,北九州銀行カードローン | マイカード きたきゅう君 | 北九州銀行 ミニカードローン,companyType=2 | scraped_from_manekai_company_category; also_seen=existing_provider_candidate | 地方銀行カードローン
銀行-地方,北國銀行,,北國銀行カードローン,1,カードローン 北國銀行,medium,manekai_region_banks,https://manekai.ameba.jp/cardloan/company/region_banks/,0,1,1,北國銀行カードローン,scraped_from_manekai_company_category
銀行-地方,北陸銀行,,北陸銀行カードローン,1,北陸銀行 カードローン,medium,manekai_region_banks | ubersuggest_keyword_export,https://manekai.ameba.jp/cardloan/company/region_banks/,0,1,1,北陸銀行カードローン,scraped_from_manekai_company_category; also_seen=existing_provider_candidate | 地方銀行カードローン
銀行-地方,南日本銀行,,南日本銀行カードローン,1,南日本銀行カードローン,medium,manekai_region_banks | ubersuggest_keyword_export,https://manekai.ameba.jp/cardloan/company/region_banks/,0,1,1,南日本銀行カードローン,scraped_from_manekai_company_category; also_seen=existing_provider_candidate | 地方銀行カードローン
銀行-地方,名古屋銀行,株式会社名古屋銀行,名古屋銀行カードローン,1,名古屋銀行カードローン,medium,ubersuggest_keyword_export | yahoo_finance_cardloan_item,https://finance.yahoo.co.jp/card-loan/item,1,0,1,名古屋銀行カードローン,companyType=2; also_seen=existing_provider_candidate | 地方銀行カードローン
銀行-地方,宮崎太陽銀行,株式会社宮崎太陽銀行,宮崎太陽銀行カードローン | 宮崎太陽銀行のTポイント付カードローン | 宮崎太陽銀行カードローン「おたすけA(エース)」,1,宮崎太陽銀行のtポイント付カードローン,medium,manekai_region_banks | ubersuggest_keyword_export | yahoo_finance_cardloan_item,https://finance.yahoo.co.jp/card-loan/item | https://manekai.ameba.jp/cardloan/company/region_banks/,2,1,3,宮崎太陽銀行カードローン | 宮崎太陽銀行のTポイント付カードローン | 宮崎太陽銀行カードローン「おたすけA(エース)」,companyType=2 | scraped_from_manekai_company_category; also_seen=existing_provider_candidate | 地方銀行カードローン
銀行-地方,富山第一銀行,株式会社富山第一銀行,富山第一銀行カードローン | ファーストバンクのカードローン | 富山第一銀行「ファーストバンクカードローン」,1,ファーストバンクのカードローン,medium,existing_provider_candidate | manekai_region_banks | manual_provider_candidate | yahoo_finance_cardloan_item,data/cardloan_provider_candidates.csv | https://finance.yahoo.co.jp/card-loan/item | https://manekai.ameba.jp/cardloan/company/region_banks/,1,1,3,富山第一銀行カードローン | ファーストバンクのカードローン | 富山第一銀行「ファーストバンクカードローン」,companyType=2 | manual_provider_candidate | scraped_from_manekai_company_category | 地方銀行カードローン
銀行-地方,富山銀行,,富山銀行カードローン,1,富山銀行 カードローン,medium,manekai_region_banks | ubersuggest_keyword_export,https://manekai.ameba.jp/cardloan/company/region_banks/,0,1,1,富山銀行カードローン,scraped_from_manekai_company_category; also_seen=existing_provider_candidate | 地方銀行カードローン
銀行-地方,東日本銀行,株式会社東日本銀行,BIZポケット | ゆあポケットII | ホームカードII【Web完結型】 | 東日本銀行 スーパーローン【Web完結型】 | 東日本銀行カードローン「ゆあポケットII」,1,東日本銀行カードローン,medium,manekai_region_banks | yahoo_finance_cardloan_item,https://finance.yahoo.co.jp/card-loan/item | https://manekai.ameba.jp/cardloan/company/region_banks/,4,1,5,BIZポケット | ゆあポケットII | ホームカードII【Web完結型】 | 東日本銀行 スーパーローン【Web完結型】 | 東日本銀行カードローン「ゆあポケットII」,companyType=2 | scraped_from_manekai_company_category
銀行-地方,筑邦銀行,株式会社筑邦銀行,筑邦銀行カードローン | ちくぎんミニカードローン,1,筑邦銀行カードローン,medium,yahoo_finance_cardloan_item,https://finance.yahoo.co.jp/card-loan/item,2,0,2,筑邦銀行カードローン | ちくぎんミニカードローン,companyType=2 | companyType=2; also_seen=manekai_region_banks
銀行-地方,群馬銀行,株式会社群馬銀行,群馬銀行カードローン | ナイスサポートカード+,1,群馬銀行のカードローン,medium,manekai_region_banks | ubersuggest_keyword_export | yahoo_finance_cardloan_item,https://finance.yahoo.co.jp/card-loan/item | https://manekai.ameba.jp/cardloan/company/region_banks/,1,1,2,群馬銀行カードローン | ナイスサポートカード+,companyType=2 | scraped_from_manekai_company_category; also_seen=existing_provider_candidate | 地方銀行カードローン
銀行-地方,荘内銀行,株式会社荘内銀行,荘内銀行カードローン | 荘内銀行カードローン1000 | ドリームコンシェル カードローンプラン,1,荘内銀行カードローン1000,medium,existing_provider_candidate | ubersuggest_keyword_export | yahoo_finance_cardloan_item,data/cardloan_provider_candidates.csv | https://finance.yahoo.co.jp/card-loan/item,2,0,3,荘内銀行カードローン | 荘内銀行カードローン1000 | ドリームコンシェル カードローンプラン,companyType=2 | ubersuggest_keyword_export | 地方銀行カードローン
銀行-地方,長崎銀行,株式会社長崎銀行,マイ・ファースト | プレミアA(エース) | V‐CLASS(カードローン),1,長崎銀行 カードローン,medium,yahoo_finance_cardloan_item,https://finance.yahoo.co.jp/card-loan/item,3,0,3,マイ・ファースト | プレミアA(エース) | V‐CLASS(カードローン),companyType=2
銀行-地方,静岡中央銀行,株式会社静岡中央銀行,CSカードローン | 静岡中央銀行カードローン | しずちゅう おまとめローン,1,csカードローン,medium,manekai_region_banks | yahoo_finance_cardloan_item,https://finance.yahoo.co.jp/card-loan/item | https://manekai.ameba.jp/cardloan/company/region_banks/,2,1,3,CSカードローン | 静岡中央銀行カードローン | しずちゅう おまとめローン,companyType=2 | scraped_from_manekai_company_category
銀行-地方,香川銀行,,香川銀行カードローン,1,香川銀行 カードローン 審査,medium,manekai_region_banks,https://manekai.ameba.jp/cardloan/company/region_banks/,0,1,1,香川銀行カードローン,scraped_from_manekai_company_category
銀行-地方,鳥取銀行,株式会社鳥取銀行,鳥取銀行カードローン | 多目的ローン「わたしいろ」,1,鳥取銀行カードローン,medium,ubersuggest_keyword_export | yahoo_finance_cardloan_item,https://finance.yahoo.co.jp/card-loan/item,2,0,2,鳥取銀行カードローン | 多目的ローン「わたしいろ」,companyType=2 | companyType=2; also_seen=manekai_region_banks; also_seen=existing_provider_candidate | 地方銀行カードローン
スマホローン・周辺,ファミマデジタルワン,,ファミペイローン,0,,research,existing_provider_candidate | manual_provider_candidate,data/cardloan_provider_candidates.csv,0,0,1,ファミペイローン,manual_provider_candidate | カードローン周辺
信用金庫,きのくに信用金庫,,きのくに信用金庫カードローン,0,,research,manekai_credit_associations,https://manekai.ameba.jp/cardloan/company/credit_associations/,0,1,1,きのくに信用金庫カードローン,scraped_from_manekai_company_category
信用金庫,さがみ信用金庫,,さがみ信用金庫カードローン,0,,research,manekai_credit_associations,https://manekai.ameba.jp/cardloan/company/credit_associations/,0,1,1,さがみ信用金庫カードローン,scraped_from_manekai_company_category
信用金庫,さわやか信用金庫,,さわやか信用金庫「さわやかカードローンきゃっするワイド」,0,,research,manekai_credit_associations,https://manekai.ameba.jp/cardloan/company/credit_associations/,0,1,1,さわやか信用金庫「さわやかカードローンきゃっするワイド」,scraped_from_manekai_company_category
信用金庫,しののめ信用金庫,,しののめ信用金庫カードローン,0,,research,manekai_credit_associations,https://manekai.ameba.jp/cardloan/company/credit_associations/,0,1,1,しののめ信用金庫カードローン,scraped_from_manekai_company_category
信用金庫,しまなみ信用金庫,,しまなみ信用金庫カードローン,0,,research,manekai_credit_associations,https://manekai.ameba.jp/cardloan/company/credit_associations/,0,1,1,しまなみ信用金庫カードローン,scraped_from_manekai_company_category
信用金庫,のと共栄信用金庫,,のと共栄信用金庫カードローン,0,,research,manekai_credit_associations,https://manekai.ameba.jp/cardloan/company/credit_associations/,0,1,1,のと共栄信用金庫カードローン,scraped_from_manekai_company_category
信用金庫,一関信用金庫,,一関信用金庫カードローン,0,,research,manekai_credit_associations,https://manekai.ameba.jp/cardloan/company/credit_associations/,0,1,1,一関信用金庫カードローン,scraped_from_manekai_company_category
信用金庫,三島信用金庫,,三島信用金庫カードローン,0,,research,manekai_credit_associations,https://manekai.ameba.jp/cardloan/company/credit_associations/,0,1,1,三島信用金庫カードローン,scraped_from_manekai_company_category
信用金庫,中兵庫信用金庫,,中兵庫信用金庫カードローン,0,,research,manekai_credit_associations,https://manekai.ameba.jp/cardloan/company/credit_associations/,0,1,1,中兵庫信用金庫カードローン,scraped_from_manekai_company_category
信用金庫,京都中央信用金庫,,京都中央信用金庫カードローン,0,,research,manekai_credit_associations,https://manekai.ameba.jp/cardloan/company/credit_associations/,0,1,1,京都中央信用金庫カードローン,scraped_from_manekai_company_category
信用金庫,京都信用金庫,,京都信用金庫カードローン,0,,research,manekai_credit_associations,https://manekai.ameba.jp/cardloan/company/credit_associations/,0,1,1,京都信用金庫カードローン,scraped_from_manekai_company_category
信用金庫,会津信用金庫,,会津信用金庫カードローン,0,,research,manekai_credit_associations,https://manekai.ameba.jp/cardloan/company/credit_associations/,0,1,1,会津信用金庫カードローン,scraped_from_manekai_company_category
信用金庫,但陽信用金庫,,但陽信用金庫カードローン,0,,research,manekai_credit_associations,https://manekai.ameba.jp/cardloan/company/credit_associations/,0,1,1,但陽信用金庫カードローン,scraped_from_manekai_company_category
信用金庫,但馬信用金庫,,但馬信用金庫カードローン,0,,research,manekai_credit_associations,https://manekai.ameba.jp/cardloan/company/credit_associations/,0,1,1,但馬信用金庫カードローン,scraped_from_manekai_company_category
信用金庫,倉吉信用金庫,,倉吉信用金庫カードローン,0,,research,manekai_credit_associations,https://manekai.ameba.jp/cardloan/company/credit_associations/,0,1,1,倉吉信用金庫カードローン,scraped_from_manekai_company_category
信用金庫,北おおさか信用金庫,,北おおさか信用金庫カードローン,0,,research,manekai_credit_associations,https://manekai.ameba.jp/cardloan/company/credit_associations/,0,1,1,北おおさか信用金庫カードローン,scraped_from_manekai_company_category
信用金庫,北門信用金庫,,北門信用金庫カードローン,0,,research,manekai_credit_associations,https://manekai.ameba.jp/cardloan/company/credit_associations/,0,1,1,北門信用金庫カードローン,scraped_from_manekai_company_category
信用金庫,南郷信用金庫,,南郷信用金庫カードローン,0,,research,manekai_credit_associations,https://manekai.ameba.jp/cardloan/company/credit_associations/,0,1,1,南郷信用金庫カードローン,scraped_from_manekai_company_category
信用金庫,吉備信用金庫,,吉備信用金庫カードローン,0,,research,manekai_credit_associations,https://manekai.ameba.jp/cardloan/company/credit_associations/,0,1,1,吉備信用金庫カードローン,scraped_from_manekai_company_category
信用金庫,埼玉縣信用金庫,,埼玉縣信用金庫カードローン,0,,research,manekai_credit_associations,https://manekai.ameba.jp/cardloan/company/credit_associations/,0,1,1,埼玉縣信用金庫カードローン,scraped_from_manekai_company_category
信用金庫,大分みらい信用金庫,,大分みらい信用金庫カードローン,0,,research,manekai_credit_associations,https://manekai.ameba.jp/cardloan/company/credit_associations/,0,1,1,大分みらい信用金庫カードローン,scraped_from_manekai_company_category
信用金庫,大和信用金庫,,大和信用金庫カードローン,0,,research,manekai_credit_associations,https://manekai.ameba.jp/cardloan/company/credit_associations/,0,1,1,大和信用金庫カードローン,scraped_from_manekai_company_category
信用金庫,大田原信用金庫,,大田原信用金庫カードローン,0,,research,manekai_credit_associations,https://manekai.ameba.jp/cardloan/company/credit_associations/,0,1,1,大田原信用金庫カードローン,scraped_from_manekai_company_category
信用金庫,大阪信用金庫,,大阪信用金庫カードローン,0,,research,manekai_credit_associations,https://manekai.ameba.jp/cardloan/company/credit_associations/,0,1,1,大阪信用金庫カードローン,scraped_from_manekai_company_category
信用金庫,宮城第一信用金庫,,宮城第一信用金庫カードローン,0,,research,manekai_credit_associations,https://manekai.ameba.jp/cardloan/company/credit_associations/,0,1,1,宮城第一信用金庫カードローン,scraped_from_manekai_company_category
信用金庫,富山信用金庫,,富山信用金庫カードローン,0,,research,manekai_credit_associations,https://manekai.ameba.jp/cardloan/company/credit_associations/,0,1,1,富山信用金庫カードローン,scraped_from_manekai_company_category
信用金庫,尼崎信用金庫,,尼崎信用金庫カードローン,0,,research,manekai_credit_associations,https://manekai.ameba.jp/cardloan/company/credit_associations/,0,1,1,尼崎信用金庫カードローン,scraped_from_manekai_company_category
信用金庫,山梨信用金庫,,山梨信用金庫カードローン,0,,research,manekai_credit_associations,https://manekai.ameba.jp/cardloan/company/credit_associations/,0,1,1,山梨信用金庫カードローン,scraped_from_manekai_company_category
信用金庫,川崎信用金庫,,川崎信用金庫カードローン,0,,research,manekai_credit_associations,https://manekai.ameba.jp/cardloan/company/credit_associations/,0,1,1,川崎信用金庫カードローン,scraped_from_manekai_company_category
信用金庫,巣鴨信用金庫,,巣鴨信用金庫カードローン,0,,research,manekai_credit_associations,https://manekai.ameba.jp/cardloan/company/credit_associations/,0,1,1,巣鴨信用金庫カードローン,scraped_from_manekai_company_category
信用金庫,帯広信用金庫,,帯広信用金庫カードローン,0,,research,manekai_credit_associations,https://manekai.ameba.jp/cardloan/company/credit_associations/,0,1,1,帯広信用金庫カードローン,scraped_from_manekai_company_category
信用金庫,平塚信用金庫,,平塚信用金庫カードローン,0,,research,manekai_credit_associations,https://manekai.ameba.jp/cardloan/company/credit_associations/,0,1,1,平塚信用金庫カードローン,scraped_from_manekai_company_category
信用金庫,広島信用金庫カードローンWEBで完結!いますぐまかせんサイ・ミニ,,広島信用金庫カードローンWEBで完結!いますぐまかせんサイ・ミニ,0,,research,manekai_credit_associations,https://manekai.ameba.jp/cardloan/company/credit_associations/,0,1,1,広島信用金庫カードローンWEBで完結!いますぐまかせんサイ・ミニ,scraped_from_manekai_company_category
信用金庫,徳島信用金庫,,徳島信用金庫カードローン,0,,research,manekai_credit_associations,https://manekai.ameba.jp/cardloan/company/credit_associations/,0,1,1,徳島信用金庫カードローン,scraped_from_manekai_company_category
信用金庫,日本海信用金庫,,日本海信用金庫カードローン,0,,research,manekai_credit_associations,https://manekai.ameba.jp/cardloan/company/credit_associations/,0,1,1,日本海信用金庫カードローン,scraped_from_manekai_company_category
信用金庫,旭川信用金庫,,旭川信用金庫カードローン,0,,research,manekai_credit_associations,https://manekai.ameba.jp/cardloan/company/credit_associations/,0,1,1,旭川信用金庫カードローン,scraped_from_manekai_company_category
信用金庫,昭和信用金庫,,昭和信用金庫カードローン,0,,research,manekai_credit_associations,https://manekai.ameba.jp/cardloan/company/credit_associations/,0,1,1,昭和信用金庫カードローン,scraped_from_manekai_company_category
信用金庫,朝日信用金庫,,朝日信用金庫カードローン,0,,research,manekai_credit_associations,https://manekai.ameba.jp/cardloan/company/credit_associations/,0,1,1,朝日信用金庫カードローン,scraped_from_manekai_company_category
信用金庫,杜の都信用金庫,,杜の都信用金庫カードローン,0,,research,manekai_credit_associations,https://manekai.ameba.jp/cardloan/company/credit_associations/,0,1,1,杜の都信用金庫カードローン,scraped_from_manekai_company_category
信用金庫,浜松いわた信用金庫,,浜松いわた信用金庫カードローン,0,,research,manekai_credit_associations,https://manekai.ameba.jp/cardloan/company/credit_associations/,0,1,1,浜松いわた信用金庫カードローン,scraped_from_manekai_company_category
信用金庫,湖東信用金庫,,湖東信用金庫カードローン,0,,research,manekai_credit_associations,https://manekai.ameba.jp/cardloan/company/credit_associations/,0,1,1,湖東信用金庫カードローン,scraped_from_manekai_company_category
信用金庫,烏山信用金庫,,烏山信用金庫カードローン「きゃっする」,0,,research,manekai_credit_associations,https://manekai.ameba.jp/cardloan/company/credit_associations/,0,1,1,烏山信用金庫カードローン「きゃっする」,scraped_from_manekai_company_category
信用金庫,焼津信用金庫,,焼津信用金庫カードローン,0,,research,manekai_credit_associations,https://manekai.ameba.jp/cardloan/company/credit_associations/,0,1,1,焼津信用金庫カードローン,scraped_from_manekai_company_category
信用金庫,玉島信用金庫,,玉島信用金庫カードローン,0,,research,manekai_credit_associations,https://manekai.ameba.jp/cardloan/company/credit_associations/,0,1,1,玉島信用金庫カードローン,scraped_from_manekai_company_category
信用金庫,白河信用金庫,,白河信用金庫カードローン,0,,research,manekai_credit_associations,https://manekai.ameba.jp/cardloan/company/credit_associations/,0,1,1,白河信用金庫カードローン,scraped_from_manekai_company_category
信用金庫,盛岡信用金庫,,盛岡信用金庫カードローン,0,,research,manekai_credit_associations,https://manekai.ameba.jp/cardloan/company/credit_associations/,0,1,1,盛岡信用金庫カードローン,scraped_from_manekai_company_category
信用金庫,石巻信用金庫,,石巻信用金庫カードローン,0,,research,manekai_credit_associations,https://manekai.ameba.jp/cardloan/company/credit_associations/,0,1,1,石巻信用金庫カードローン,scraped_from_manekai_company_category
信用金庫,神戸信用金庫,,神戸信用金庫カードローン,0,,research,manekai_credit_associations,https://manekai.ameba.jp/cardloan/company/credit_associations/,0,1,1,神戸信用金庫カードローン,scraped_from_manekai_company_category
信用金庫,秋田信用金庫,,秋田信用金庫カードローン,0,,research,manekai_credit_associations,https://manekai.ameba.jp/cardloan/company/credit_associations/,0,1,1,秋田信用金庫カードローン,scraped_from_manekai_company_category
信用金庫,稚内信用金庫,,稚内信用金庫カードローン,0,,research,manekai_credit_associations,https://manekai.ameba.jp/cardloan/company/credit_associations/,0,1,1,稚内信用金庫カードローン,scraped_from_manekai_company_category
信用金庫,網走信用金庫,,網走信用金庫カードローン,0,,research,manekai_credit_associations,https://manekai.ameba.jp/cardloan/company/credit_associations/,0,1,1,網走信用金庫カードローン,scraped_from_manekai_company_category
信用金庫,苫小牧信用金庫,,苫小牧信用金庫カードローン,0,,research,manekai_credit_associations,https://manekai.ameba.jp/cardloan/company/credit_associations/,0,1,1,苫小牧信用金庫カードローン,scraped_from_manekai_company_category
信用金庫,蒲郡信用金庫,,蒲郡信用金庫カードローン,0,,research,manekai_credit_associations,https://manekai.ameba.jp/cardloan/company/credit_associations/,0,1,1,蒲郡信用金庫カードローン,scraped_from_manekai_company_category
信用金庫,西武信用金庫,,西武信用金庫カードローン,0,,research,manekai_credit_associations,https://manekai.ameba.jp/cardloan/company/credit_associations/,0,1,1,西武信用金庫カードローン,scraped_from_manekai_company_category
信用金庫,豊田信用金庫,,豊田信用金庫カードローン,0,,research,manekai_credit_associations,https://manekai.ameba.jp/cardloan/company/credit_associations/,0,1,1,豊田信用金庫カードローン,scraped_from_manekai_company_category
信用金庫,足利小山信用金庫,,足利小山信用金庫カードローン,0,,research,manekai_credit_associations,https://manekai.ameba.jp/cardloan/company/credit_associations/,0,1,1,足利小山信用金庫カードローン,scraped_from_manekai_company_category
信用金庫,青い森信用金庫,,青い森信用金庫カードローン,0,,research,manekai_credit_associations,https://manekai.ameba.jp/cardloan/company/credit_associations/,0,1,1,青い森信用金庫カードローン,scraped_from_manekai_company_category
信用金庫,青梅信用金庫,,青梅信用金庫カードローン,0,,research,manekai_credit_associations,https://manekai.ameba.jp/cardloan/company/credit_associations/,0,1,1,青梅信用金庫カードローン,scraped_from_manekai_company_category
信用金庫,飯塚信用金庫”いいしんのカードローンきゃっする500”,,飯塚信用金庫”いいしんのカードローンきゃっする500”,0,,research,manekai_credit_associations,https://manekai.ameba.jp/cardloan/company/credit_associations/,0,1,1,飯塚信用金庫”いいしんのカードローンきゃっする500”,scraped_from_manekai_company_category
信用金庫,飯能信用金庫,,飯能信用金庫カードローン,0,,research,manekai_credit_associations,https://manekai.ameba.jp/cardloan/company/credit_associations/,0,1,1,飯能信用金庫カードローン,scraped_from_manekai_company_category
信用金庫,高山信用金庫”たかしんカードローン マネーカード”,,高山信用金庫”たかしんカードローン マネーカード”,0,,research,manekai_credit_associations,https://manekai.ameba.jp/cardloan/company/credit_associations/,0,1,1,高山信用金庫”たかしんカードローン マネーカード”,scraped_from_manekai_company_category
信用金庫,高知信用金庫,,高知信用金庫カードローン,0,,research,manekai_credit_associations,https://manekai.ameba.jp/cardloan/company/credit_associations/,0,1,1,高知信用金庫カードローン,scraped_from_manekai_company_category
信用金庫,高鍋信用金庫,,高鍋信用金庫カードローン,0,,research,manekai_credit_associations,https://manekai.ameba.jp/cardloan/company/credit_associations/,0,1,1,高鍋信用金庫カードローン,scraped_from_manekai_company_category
信用金庫,鹿児島信用金庫,,鹿児島信用金庫カードローン,0,,research,manekai_credit_associations,https://manekai.ameba.jp/cardloan/company/credit_associations/,0,1,1,鹿児島信用金庫カードローン,scraped_from_manekai_company_category
信用金庫,鹿児島相互信用金庫,,鹿児島相互信用金庫カードローン,0,,research,manekai_credit_associations,https://manekai.ameba.jp/cardloan/company/credit_associations/,0,1,1,鹿児島相互信用金庫カードローン,scraped_from_manekai_company_category
信販・カード,KHK,,KHK株式会社「フリーローン」,0,,research,manekai_credit_companies,https://manekai.ameba.jp/cardloan/company/credit_companies/,0,1,1,KHK株式会社「フリーローン」,scraped_from_manekai_company_category
信販・カード,エヌケーシー,株式会社エヌケーシー,スーパーfitカード300,0,,research,yahoo_finance_cardloan_item,https://finance.yahoo.co.jp/card-loan/item,1,0,1,スーパーfitカード300,companyType=7
信販・カード,オリエントコーポレーション,株式会社オリエントコーポレーション,ローンカード「CREST」,0,,research,yahoo_finance_cardloan_item,https://finance.yahoo.co.jp/card-loan/item,1,0,1,ローンカード「CREST」,companyType=7
信販・カード,オーシー,株式会社オーシー,natura | ローンカード『e』,0,,research,yahoo_finance_cardloan_item,https://finance.yahoo.co.jp/card-loan/item,2,0,2,natura | ローンカード『e』,companyType=7
信販・カード,シティックスカード,シティックスカード株式会社,Step,0,,research,yahoo_finance_cardloan_item,https://finance.yahoo.co.jp/card-loan/item,1,0,1,Step,companyType=7
信販・カード,トワライズ,株式会社トワライズ,CashValue,0,,research,yahoo_finance_cardloan_item,https://finance.yahoo.co.jp/card-loan/item,1,0,1,CashValue,companyType=7
信販・カード,ドコモ・ファイナンス,株式会社ドコモ・ファイナンス,VIPローンカード(アプリ型),0,,research,yahoo_finance_cardloan_item,https://finance.yahoo.co.jp/card-loan/item,1,0,1,VIPローンカード(アプリ型),companyType=7
信販・カード,モデル百貨,株式会社モデル百貨,キャッシング,0,,research,yahoo_finance_cardloan_item,https://finance.yahoo.co.jp/card-loan/item,1,0,1,キャッシング,companyType=7
信販・カード,全日信販,,全日信販カードローン,0,,research,manekai_credit_companies,https://manekai.ameba.jp/cardloan/company/credit_companies/,0,1,1,全日信販カードローン,scraped_from_manekai_company_category
消費者金融・貸金業,エイワ,,エイワ | キャッシングエイワ,0,,research,existing_provider_candidate | manekai_consumer | manual_provider_candidate,data/cardloan_provider_candidates.csv | https://manekai.ameba.jp/cardloan/company/consumer/,0,1,2,エイワ | キャッシングエイワ,manual_provider_candidate | scraped_from_manekai_company_category | 中小消費者金融
消費者金融・貸金業,キャッシングMOFF,,キャッシングMOFF,0,,research,manekai_consumer,https://manekai.ameba.jp/cardloan/company/consumer/,0,1,1,キャッシングMOFF,scraped_from_manekai_company_category
消費者金融・貸金業,スペース,,スペース「キャッシングスペース」,0,,research,manekai_consumer,https://manekai.ameba.jp/cardloan/company/consumer/,0,1,1,スペース「キャッシングスペース」,scraped_from_manekai_company_category
銀行-その他,JAバンクあいち”ワイドカードローン300”,,JAバンクあいち”ワイドカードローン300”,0,,research,manekai_other_banks,https://manekai.ameba.jp/cardloan/company/other_banks/,0,1,1,JAバンクあいち”ワイドカードローン300”,scraped_from_manekai_company_category
銀行-その他,JAバンク北海道,,JAバンク北海道カードローン,0,,research,manekai_other_banks,https://manekai.ameba.jp/cardloan/company/other_banks/,0,1,1,JAバンク北海道カードローン,scraped_from_manekai_company_category
銀行-その他,JAバンク静岡,,JAバンク静岡「カードローンN」,0,,research,manekai_other_banks,https://manekai.ameba.jp/cardloan/company/other_banks/,0,1,1,JAバンク静岡「カードローンN」,scraped_from_manekai_company_category
銀行-その他,中央労働金庫,,中央労働金庫カードローン,0,,research,manekai_other_banks,https://manekai.ameba.jp/cardloan/company/other_banks/,0,1,1,中央労働金庫カードローン,scraped_from_manekai_company_category
銀行-その他,長野ろうきん,,長野ろうきんカードローン,0,,research,manekai_other_banks,https://manekai.ameba.jp/cardloan/company/other_banks/,0,1,1,長野ろうきんカードローン,scraped_from_manekai_company_category
銀行-メガ/都市,りそなプレミアム,,りそなプレミアムカードローン,0,,research,manekai_city_banks,https://manekai.ameba.jp/cardloan/company/city_banks/,0,1,1,りそなプレミアムカードローン,scraped_from_manekai_company_category
銀行-地方,あいち銀行,株式会社あいち銀行,カードローン「愛」,0,,research,yahoo_finance_cardloan_item,https://finance.yahoo.co.jp/card-loan/item,1,0,1,カードローン「愛」,companyType=2
銀行-地方,きらやか銀行,,きらやか銀行カードローン,0,,research,manekai_region_banks,https://manekai.ameba.jp/cardloan/company/region_banks/,0,1,1,きらやか銀行カードローン,scraped_from_manekai_company_category
銀行-地方,三重銀行,,三重銀行カードローン,0,,research,manekai_region_banks,https://manekai.ameba.jp/cardloan/company/region_banks/,0,1,1,三重銀行カードローン,scraped_from_manekai_company_category
銀行-地方,中京銀行,,中京銀行カードローン,0,,research,manekai_region_banks | manual_provider_candidate,https://manekai.ameba.jp/cardloan/company/region_banks/,0,1,1,中京銀行カードローン,scraped_from_manekai_company_category; also_seen=existing_provider_candidate | 地方銀行カードローン
銀行-地方,八十二長野銀行,株式会社八十二長野銀行,ニューマイティー(R) | はちにのかん太くんカード,0,,research,yahoo_finance_cardloan_item,https://finance.yahoo.co.jp/card-loan/item,2,0,2,ニューマイティー(R) | はちにのかん太くんカード,companyType=2
銀行-地方,北日本銀行,株式会社北日本銀行,スーパークイカ | カードローンアスモ | 北日本銀行カードローン,0,,research,manekai_region_banks | yahoo_finance_cardloan_item,https://finance.yahoo.co.jp/card-loan/item | https://manekai.ameba.jp/cardloan/company/region_banks/,2,1,3,スーパークイカ | カードローンアスモ | 北日本銀行カードローン,companyType=2 | scraped_from_manekai_company_category
銀行-地方,北都銀行,,北都銀行カードローン,0,,research,existing_provider_candidate | manual_provider_candidate,data/cardloan_provider_candidates.csv,0,0,1,北都銀行カードローン,manual_provider_candidate | 地方銀行カードローン
銀行-地方,北都銀行”カードローン1000”,,北都銀行”カードローン1000”,0,,research,manekai_region_banks,https://manekai.ameba.jp/cardloan/company/region_banks/,0,1,1,北都銀行”カードローン1000”,scraped_from_manekai_company_category
銀行-地方,千葉興業銀行,株式会社千葉興業銀行,千葉興業銀行 カードローン(リリーフ) | ちば興銀 ガン保障付カードローン〈あんしんアップ〉,0,,research,manekai_region_banks | yahoo_finance_cardloan_item,https://finance.yahoo.co.jp/card-loan/item | https://manekai.ameba.jp/cardloan/company/region_banks/,1,1,2,千葉興業銀行 カードローン(リリーフ) | ちば興銀 ガン保障付カードローン〈あんしんアップ〉,companyType=2 | scraped_from_manekai_company_category
銀行-地方,大垣共立銀行,,大垣共立銀行カードローン,0,,research,manekai_region_banks | manual_provider_candidate,https://manekai.ameba.jp/cardloan/company/region_banks/,0,1,1,大垣共立銀行カードローン,scraped_from_manekai_company_category; also_seen=existing_provider_candidate | 地方銀行カードローン
銀行-地方,大東銀行,株式会社大東銀行,大東銀行カードローン | だいとうカードローン(毎月返済型),0,,research,manekai_region_banks | manual_provider_candidate | yahoo_finance_cardloan_item,https://finance.yahoo.co.jp/card-loan/item | https://manekai.ameba.jp/cardloan/company/region_banks/,1,1,2,大東銀行カードローン | だいとうカードローン(毎月返済型),companyType=2 | scraped_from_manekai_company_category; also_seen=existing_provider_candidate | 地方銀行カードローン
銀行-地方,山陰合同銀行,,山陰合同銀行カードローン,0,,research,manekai_region_banks | manual_provider_candidate,https://manekai.ameba.jp/cardloan/company/region_banks/,0,1,1,山陰合同銀行カードローン,scraped_from_manekai_company_category; also_seen=existing_provider_candidate | 地方銀行カードローン
銀行-地方,島根銀行,,島根銀行カードローン,0,,research,manekai_region_banks,https://manekai.ameba.jp/cardloan/company/region_banks/,0,1,1,島根銀行カードローン,scraped_from_manekai_company_category
銀行-地方,徳島大正銀行SaSaっと,,徳島大正銀行(Web完結型)SaSaっとカードローン,0,,research,manekai_region_banks,https://manekai.ameba.jp/cardloan/company/region_banks/,0,1,1,徳島大正銀行(Web完結型)SaSaっとカードローン,scraped_from_manekai_company_category
銀行-地方,沖縄海邦銀行,株式会社沖縄海邦銀行,沖縄海邦銀行カードローン | ハッピーカードローンSmart | 沖縄海邦銀行ハッピーカードローン | ハッピーカードローンPremium,0,,research,existing_provider_candidate | manual_provider_candidate | yahoo_finance_cardloan_item,data/cardloan_provider_candidates.csv | https://finance.yahoo.co.jp/card-loan/item,3,0,4,沖縄海邦銀行カードローン | ハッピーカードローンSmart | 沖縄海邦銀行ハッピーカードローン | ハッピーカードローンPremium,companyType=2 | manual_provider_candidate | 地方銀行カードローン
銀行-地方,沖縄銀行,株式会社沖縄銀行,タイムリーローン | カトレアカードローン | 沖縄銀行カードローン | カードローンチェキット,0,,research,manekai_region_banks | manual_provider_candidate | yahoo_finance_cardloan_item,https://finance.yahoo.co.jp/card-loan/item | https://manekai.ameba.jp/cardloan/company/region_banks/,3,1,4,タイムリーローン | カトレアカードローン | 沖縄銀行カードローン | カードローンチェキット,companyType=2 | scraped_from_manekai_company_category; also_seen=existing_provider_candidate | 地方銀行カードローン
銀行-地方,清水銀行,株式会社清水銀行,清水銀行カードローン | しみずピアカードローン | しみずスピードカードローン,0,,research,manekai_region_banks | manual_provider_candidate | yahoo_finance_cardloan_item,https://finance.yahoo.co.jp/card-loan/item | https://manekai.ameba.jp/cardloan/company/region_banks/,2,1,3,清水銀行カードローン | しみずピアカードローン | しみずスピードカードローン,companyType=2 | scraped_from_manekai_company_category; also_seen=existing_provider_candidate | 地方銀行カードローン
銀行-地方,滋賀銀行S,,滋賀銀行Sカードローン(サットキャッシュ),0,,research,manekai_region_banks,https://manekai.ameba.jp/cardloan/company/region_banks/,0,1,1,滋賀銀行Sカードローン(サットキャッシュ),scraped_from_manekai_company_category
銀行-地方,百十四銀行,株式会社百十四銀行,百十四銀行カードローン | 114ニューカードローン,0,,research,manekai_region_banks | manual_provider_candidate | yahoo_finance_cardloan_item,https://finance.yahoo.co.jp/card-loan/item | https://manekai.ameba.jp/cardloan/company/region_banks/,1,1,2,百十四銀行カードローン | 114ニューカードローン,companyType=2 | scraped_from_manekai_company_category; also_seen=existing_provider_candidate | 地方銀行カードローン
銀行-地方,神奈川銀行,株式会社神奈川銀行,かなぎんスーパーローン | かなぎんプレミアムローン,0,,research,yahoo_finance_cardloan_item,https://finance.yahoo.co.jp/card-loan/item,2,0,2,かなぎんスーパーローン | かなぎんプレミアムローン,companyType=2
銀行-地方,福岡中央銀行,株式会社福岡中央銀行,The Prime | Nice Support 50(ナイスサポート50),0,,research,yahoo_finance_cardloan_item,https://finance.yahoo.co.jp/card-loan/item,2,0,2,The Prime | Nice Support 50(ナイスサポート50),companyType=2
銀行-地方,福岡中央銀行”カードローンザ・プライム ”,,福岡中央銀行”カードローンザ・プライム ”,0,,research,manekai_region_banks,https://manekai.ameba.jp/cardloan/company/region_banks/,0,1,1,福岡中央銀行”カードローンザ・プライム ”,scraped_from_manekai_company_category
銀行-地方,福島銀行,株式会社福島銀行,ふくぎんカードローン | 福島銀行カードローン,0,,research,manekai_region_banks | yahoo_finance_cardloan_item,https://finance.yahoo.co.jp/card-loan/item | https://manekai.ameba.jp/cardloan/company/region_banks/,1,1,2,ふくぎんカードローン | 福島銀行カードローン,companyType=2 | scraped_from_manekai_company_category
銀行-地方,福邦銀行,,福邦銀行カードローン,0,,research,manekai_region_banks,https://manekai.ameba.jp/cardloan/company/region_banks/,0,1,1,福邦銀行カードローン,scraped_from_manekai_company_category
銀行-地方,第三銀行,,第三銀行カードローン,0,,research,manekai_region_banks,https://manekai.ameba.jp/cardloan/company/region_banks/,0,1,1,第三銀行カードローン,scraped_from_manekai_company_category
銀行-地方,第四銀行,,第四銀行カードローン,0,,research,manekai_region_banks,https://manekai.ameba.jp/cardloan/company/region_banks/,0,1,1,第四銀行カードローン,scraped_from_manekai_company_category
銀行-地方,西京銀行,,西京銀行カードローン,0,,research,manekai_region_banks,https://manekai.ameba.jp/cardloan/company/region_banks/,0,1,1,西京銀行カードローン,scraped_from_manekai_company_category
銀行-地方,豊和銀行,,豊和銀行「ほうわSmartカードローン」,0,,research,manekai_region_banks,https://manekai.ameba.jp/cardloan/company/region_banks/,0,1,1,豊和銀行「ほうわSmartカードローン」,scraped_from_manekai_company_category
銀行-地方,長野銀行,,長野銀行カードローン,0,,research,manekai_region_banks | manual_provider_candidate,https://manekai.ameba.jp/cardloan/company/region_banks/,0,1,1,長野銀行カードローン,scraped_from_manekai_company_category; also_seen=existing_provider_candidate | 地方銀行カードローン
銀行-地方,長﨑銀行,,長﨑銀行カードローン,0,,research,manekai_region_banks,https://manekai.ameba.jp/cardloan/company/region_banks/,0,1,1,長﨑銀行カードローン,scraped_from_manekai_company_category
銀行-地方,高知銀行,株式会社高知銀行,高知銀行カードローン | こうぎん はちきんカードローン | こうぎんカードローンモア・プラス | こうぎん はちきんカードローン【web完結版】 | こうぎんカードローン(随時返済型・定額返済型) | こうぎんカードローンモア・プラス【web完結版】,0,,research,manekai_region_banks | yahoo_finance_cardloan_item,https://finance.yahoo.co.jp/card-loan/item | https://manekai.ameba.jp/cardloan/company/region_banks/,5,1,6,高知銀行カードローン | こうぎん はちきんカードローン | こうぎんカードローンモア・プラス | こうぎん はちきんカードローン【web完結版】 | こうぎんカードローン(随時返済型・定額返済型) | こうぎんカードローンモア・プラス【web完結版】,companyType=2 | scraped_from_manekai_company_category
